Hospital (Novartis),Address,City,State,Zip,rpt_rec_num,Designation,LATITUDE,LONGITUDE,State_Full,Number of Beds,County,Lookup,prostate_cancer_incidence,Demand Weight,Demand per Year
MONUMENT HEALTH RAPID CITY HOSPITAL - FAIRMONT BLVD,353 FAIRMONT BLVD MEDICAL IMAGING/ NUCLEAR MEDICINE FL 2, RAPID CITY,SD,57701,793743,1,44.07914241,-103.2152968,South Dakota,385,Pennington,South DakotaPennington County,19.6,7546.000000000001,171
CHEYENNE REGIONAL MEDICAL CENTER,BLDG WEST CAMPUS FL 1 214 E 23RD ST, CHEYENNE,WY,82001-3748,791460,1,41.14317498,-104.7852121,Wyoming,159,Laramie,WyomingLaramie County,25.8,4102.2,93
BILLINGS CLINIC,2800 10TH AVE N, BILLINGS,MT,59101,777548,1,45.77283523,-108.5001171,Montana,334,Yellowstone,MontanaYellowstone County,29.2,9752.8,221
KAISER PERMANENTE ROCK CREEK,280 EXEMPLA CIR, LAFAYETTE,CO,80026,795452,1,39.99642626,-105.101503,Colorado,183,Boulder,ColoradoBoulder County,26.9,4922.7,111
UCHEALTH- UNIVERSITY OF COLORADO HOSPITAL,1635 AURORA CT, AURORA,CO,80045,791643,5,39.74698929,-104.837035,Colorado,754,Adams,ColoradoAdams County,21.7,81809,1850
NATIONAL JEWISH HEALTH,1400 JACKSON ST, DENVER,CO,80206,794719,1,39.73376612,-104.9526567,Colorado,13,Denver,ColoradoDenver County,21.9,284.7,6
ST ANTHONY HOSPITAL,ST ANTHONY HOSP - NUC MED 11700 W 2ND PLACE STE 150 FL 1, LAKEWOOD,CO,80228-1704,793800,1,39.69589879,-105.1449794,Colorado,220,Denver,ColoradoDenver County,21.9,4818,109
ADVENT HEALTH PORTER,PORTER HOSP NUC MED AND RAD 2525 S DOWNING ST, DENVER,CO,80210-5817,798652,1,39.67950789,-104.9643776,Colorado,180,Denver,ColoradoDenver County,21.9,3941.9999999999995,89
BOZEMAN HEALTH DEACONESS REGIONAL MEDICAL CENTER,DEACONESS HOSPI BLDG FL 2 915 HIGHLAND BLVD, BOZEMAN,MT,59715-6902,776612,1,45.67760413,-111.0268333,Montana,139,Gallatin,MontanaGallatin County,40.3,5601.7,127
AVERA MCKENNAN HOSPITAL,1325 S. CLIFF AVE, SIOUX FALLS,SD,57117,793742,1,43.53437309,-96.71481509,South Dakota,549,Minnehaha,South DakotaMinnehaha County,38.6,21191.4,479
NEBRASKA CANCER SPECIALISTS - GRAND ISLAND,2730 WEST FAIDLEY AVENUE, GRAND ISLAND,NE,68803,777240,1,40.92587618,-98.38455355,Nebraska,60,Hall,NebraskaHall County,19.6,1176,27
SANFORD MEDICAL CENTER FARGO,801 N BROADWAY, FARGO,ND,58102,775442,1,46.90042154,-96.79291485,North Dakota,493,Cass,North DakotaCass County,27.6,13606.800000000001,308
MARY LANNING HEALTHCARE,715 N. SAINT JOSEPH AVE, HASTINGS,NE,68901,777352,1,40.59033587,-98.39217201,Nebraska,106,Adams,NebraskaAdams County,20.7,2194.2,50
UCH MEMORIAL HOSPITAL CENTRAL,1400 E. BOULDER ST, COLORADO SPRINGS,CO,80909,793192,2,38.85045313,-104.7747129,Colorado,536,El Paso,ColoradoEl Paso County,23.2,24870.399999999998,563
LAKE REGION HEALTHCARE CANCER CARE CENTER,908 S CASCADE ST., FERGUS FALLS,MN,56537,765722,1,46.29062574,-96.06434651,Minnesota,80,Otter Tail,MinnesotaOtter Tail County,23.6,1888,43
PENROSE HOSPITAL,2222 N NEVADA AVE, COLORADO SPRINGS,CO,80907-6819,794317,1,38.87756519,-104.8216483,Colorado,484,El Paso,ColoradoEl Paso County,23.2,11228.8,254
ALTRU CANCER CENTER,1200 S. COLUMBIA ROAD FLOOR NO. MAIN FLOOR, GRAND FORKS,ND,58201,776505,1,47.89660855,-97.054662,North Dakota,198,Grand Forks,North DakotaGrand Forks County,42.7,8454.6,191
BENEFIS HOSPITALS INC.,SOUTH TOWER NUC MED STE FL 2 1101 26TH ST S, GREAT FALLS,MT,59405-5161,776611,1,47.49160446,-111.2536271,Montana,312,Cascade,MontanaCascade County,28.3,8829.6,200
ST PETER'S HEALTH,MARIA DEAN BLDG E ENTRANCE 2475 BROADWAY STE CTC, HELENA,MT,59601,788559,1,46.5915395,-112.0323498,Montana,125,Lewis And Clark,MontanaLewis And Clark County,23.6,2950,67
INTERMOUNTAIN HEALTH LOGAN REGIONAL HOSPITAL,GOSSNER CANCER CENTER 1281 N 600 E, LOGAN,UT,84341-6988,795730,1,41.7627731,-111.8196216,Utah,114,Cache,UtahCache County,38.2,4354.8,99
COMMUNITY HOSPITAL,2351 G ROAD, GRAND JUNCTION,CO,81505,770348,1,39.11089941,-108.5960506,Colorado,44,Mesa,ColoradoMesa County,24.7,1086.8,25
MCKAY-DEE HOSPITAL,4401 HARRISON BLVD., OGDEN,UT,84403,795613,1,41.18834639,-111.9494943,Utah,236,Weber,UtahWeber County,28.1,6631.6,150
INTERMOUNTAIN MEDICAL CENTER,5121 S. COTTONWOOD ST. BUILDING 2, MURRAY,UT,84107,795012,1,40.66276239,-111.8796933,Utah,486,Salt Lake,UtahSalt Lake County,26.7,12976.199999999999,294
SHENANDOAH MEDICAL CENTER,300 PERSHING AVE FL 1, SHENANDOAH,IA,51601-2355,776436,1,40.75827261,-95.3670162,Iowa,25,Page,IowaPage County,41.8,1045,24
SALINA REGIONAL HEALTH CENTER,400 S SANTA FE AVE, SALINA,KS,67401-4144,767293,1,38.82168151,-97.60546862,Kansas,177,Saline,KansasSaline County,23.6,4177.2,94
PROVIDENCE ST. PATRICK HOSPITAL,ST PATRICK HOSP NUC MED FL2 500 W BROADWAY, MISSOULA,MT,59802-4008,777106,1,46.88042976,-113.9696627,Montana,206,Missoula,MontanaMissoula County,22.2,4573.2,103
ST. LUKE'S MAGIC VALLEY MEDICAL CENTER,801 POLE LINE ROAD WEST, TWIN FALLS,ID,83301,766866,1,42.55983151,-114.4696565,Idaho,175,Twin Falls,IdahoTwin Falls County,30,5250,119
MERCYONE MEDICAL CENTER DES MOINES,1111 6TH AVENUE, DES MOINES,IA,50314,794887,1,41.60237659,-93.6345798,Iowa,519,Polk,IowaPolk County,26.8,13909.2,315
STORMONT VAIL/COTTON O'NEIL CANCER CENTER,1414 SW 8TH AVENUE, TOPEKA,KS,66606,768106,1,39.05810594,-95.71258077,Kansas,442,Shawnee,KansasShawnee County,23.6,10431.2,236
MAYO CLINIC ROCHESTER MINNESOTA,200 1ST ST. SW, ROCHESTER,MN,55905,774548,5,44.02431844,-92.46766552,Minnesota,1154,Olmsted,MinnesotaOlmsted County,23.6,136172,3080
ASCENSION VIA CHRISTI CANCER CENTER,817 N. EMPORIA, WICHITA,KS,67214,767962,1,37.70435556,-97.31381069,Kansas,641,Sedgwick,KansasSedgwick County,23.6,15127.6,342
ST. LUKE'S HOSPITAL OF DULUTH (DBA ASPIRUS ST. LUKE'S HOSPITAL),915 E FIRST ST, DULUTH,MN,55805,774279,1,46.7981924,-92.09522165,Minnesota,238,St. Louis,MinnesotaSt. Louis County,23.6,5616.8,127
MAYO CLINIC HEALTH SYSTEM - EAU CLAIRE,1221 WHIPPLE STREET, EAU CLAIRE,WI,54703,774469,2,44.82813841,-91.50470938,Wisconsin,186,Eau Claire,WisconsinEau Claire County,29.4,10936.8,247
SAINT LUKE'S HEALTH SYSTEM,4401 WORNALL ROAD, KANSAS CITY,MO,64111,786036,1,39.05531335,-94.59353351,Missouri,478,Jackson,MissouriJackson County,20.8,9942.4,225
ST. LUKE'S BOISE,190 EAST BANNOCK ST., BOISE,ID,83712,767279,1,43.60576767,-116.173872,Idaho,560,Ada,IdahoAda County,24.1,13496,305
CHRISTUS ST. VINCENT REGIONAL MEDICAL CENTER,455 ST. MICHAEL'S DR FL 1, SANTA FE,NM,87505-7601,794191,1,35.65464159,-105.951959,New Mexico,171,Santa Fe,New MexicoSanta Fe County,17,2907,66
GUNDERSEN HEALTH SYSTEM,1900 SOUTH AVENUE, LA CROSSE,WI,54601,765452,1,43.7966358,-91.21675409,Wisconsin,260,La Crosse,WisconsinLa Crosse County,28.4,7384,167
MAYO CLINIC HEALTH SYSTEM - LA CROSSE,700 WEST AVE SOUTH, LA CROSSE,WI,54601,773487,2,43.7966358,-91.21675409,Wisconsin,99,La Crosse,WisconsinLa Crosse County,28.4,5623.2,127
BSA HEALTH SYSTEMS,1600 WALLACE BLVD, AMARILLO,TX,79106,775267,1,35.19964547,-101.8920193,Texas,357,Potter,TexasPotter County,17.8,6354.6,144
UNIVERSITY OF IOWA HOSPITALS AND CLINICS,NUCLEAR MEDICINE 3822 JPPHAWKINS DRIVE, IOWA CITY,IA,52242,795893,5,41.6601,-91.5468,Iowa,740,Johnson,IowaJohnson County,35,129500,2929
KOOTENAI HEALTH,2003 KOOTENAI HEALTH WAY, COEUR D'ALENE,ID,83814,806931,1,47.67108979,-116.7859518,Idaho,326,Kootenai,IdahoKootenai County,25.3,8247.800000000001,187
BOTHWELL REGIONAL HEALTH CENTER,601 EAST 14TH STREET, SEDALIA,MO,65301,791136,1,38.69714551,-93.23252701,Missouri,71,Pettis,MissouriPettis County,22.3,1583.3,36
MULTICARE DEACONESS RADIATION ONCOLOGY,MED OFFICE BLDG 1 STE 130 FL 1 910 W 5TH AVE, SPOKANE,WA,99204-2966,775146,1,47.64774825,-117.4281837,Washington,279,Spokane,WashingtonSpokane County,18.2,5077.8,115
MERCY HOSPITAL OKLAHOMA CITY,4300 W. MEMORIAL RD, OKLAHOMA CITY,OK,73120,792108,1,35.58512839,-97.56293695,Oklahoma,344,Oklahoma,OklahomaOklahoma County,19,6536,148
SSM HEALTH ST. ANTHONY HOSPITAL,1000 N. LEE, OKLAHOMA CITY,OK,73102,777119,1,35.47196157,-97.51966565,Oklahoma,501,Oklahoma,OklahomaOklahoma County,19,9519,215
UNIVERSITY OF MISSOURI ELLIS FISCHEL CANCER CENTER,1 HOSPITAL DRIVE FLOOR NO. FIRST FLOOR, COLUMBIA,MO,65212,795083,2,38.93859232,-92.32846782,Missouri,665,Boone,MissouriBoone County,21.4,28461.999999999996,644
FREEMAN HEALTH SYSTEM,932 E 34TH ST, JOPLIN,MO,64804,785004,1,37.04608595,-94.51216742,Missouri,348,Newton,MissouriNewton County,26.9,9361.199999999999,212
MERCY HOSPITAL JOPLIN,100 MERCY WAY, JOPLIN,MO,64804,804538,1,37.04608595,-94.51216742,Missouri,242,Jasper,MissouriJasper County,23.4,5662.799999999999,128
ST. GEORGE REGIONAL HOSPITAL,PETCT DEPARTMENT 600 S MEDICAL CENTER DRIVE, SAINT GEORGE,UT,84790,795731,1,37.07476693,-113.5620955,Utah,256,Washington,UtahWashington County,19.6,5017.6,113
UNIVERSITY OF WISCONSIN HOSPITAL,600 HIGHLAND AVE., MADISON,WI,53792,792502,5,43.07692726,-89.43165253,Wisconsin,671,Dane,WisconsinDane County,33.6,112728,2550
SSM HEALTH ST. MARY'S HOSPITAL - MADISON,700 SOUTH PARK ST., MADISON,WI,53715,773490,1,43.06425005,-89.40089332,Wisconsin,354,Dane,WisconsinDane County,33.6,11894.4,269
KADLEC REGIONAL MEDICAL CENTER,888 SWIFT BLVD, RICHLAND,WA,99352,777147,1,46.24384629,-119.2766609,Washington,282,Benton,WashingtonBenton County,20.5,5781,131
FLAGSTAFF MEDICAL CENTER,1200 N BEAVER ST, FLAGSTAFF,AZ,86001-3118,794270,1,35.20027764,-111.6621352,Arizona,242,Coconino,ArizonaCoconino County,20.2,4888.4,111
UNIVERSITY MEDICAL CENTER,EAST TOWER NUC MED FL 4 602 INDIANA AVE, LUBBOCK,TX,79415-3364,768295,2,33.61936077,-101.8833914,Texas,422,Lubbock,TexasLubbock County,25.4,21437.6,485
SAINT ANTHONY MEDICAL CENTER,5666 E STATE ST, ROCKFORD,IL,61108-2425,767934,1,42.25178854,-89.02078062,Illinois,230,Winnebago,IllinoisWinnebago County,27.2,6256,142
ASCENSION NE WISCONSIN - ST. ELIZABETH'S HOSPITAL,1506 S. ONEIDA ST., APPLETON,WI,54915,796715,1,44.24459708,-88.37162103,Wisconsin,287,Outagamie,WisconsinOutagamie County,21.3,6113.1,138
THEDACARE REGIONAL CANCER CENTER- APPLETON,2500 EAST CAPITOL DRIVE, APPLETON,WI,54911,802060,1,44.27822975,-88.39721633,Wisconsin,147,Outagamie,WisconsinOutagamie County,21.3,3131.1,71
AURORA MEDICAL CENTER SUMMIT,36500 AURORA DRIVE, SUMMIT,WI,53066,774348,1,43.1093437,-88.48543557,Wisconsin,109,Waukesha,WisconsinWaukesha County,28.2,3073.7999999999997,70
AURORA BAYCARE MEDICAL CENTER,2845 GREENBRIER ROAD, GREEN BAY,WI,54311,774210,1,44.49011689,-87.93597545,Wisconsin,185,Brown,WisconsinBrown County,29.5,5457.5,123
FROEDTERT HOSPITAL,9200 WEST WISCONSIN AVENUE, MILWAUKEE,WI,53226,788477,1,43.05040179,-88.04286308,Wisconsin,729,Milwaukee,WisconsinMilwaukee County,32.9,23984.1,543
AURORA MEDICAL CENTER SHEBOYGAN COUNTY,3400 UNION AVE, SHEBOYGAN,WI,53081,774640,1,43.73858641,-87.72664935,Wisconsin,125,Sheboygan,WisconsinSheboygan County,33.4,4175,94
AURORA ST. LUKE'S MEDICAL CENTER,2900 WEST OKLAHOMA AVENUE, MILWAUKEE,WI,53215,774470,1,43.00080506,-87.9424973,Wisconsin,932,Milwaukee,WisconsinMilwaukee County,32.9,30662.8,694
MERCY HOSPITAL ST. LOUIS,615 S NEW BALLAS ROAD, ST. LOUIS,MO,63141,787863,1,38.66460586,-90.45607742,Missouri,782,St. Louis,MissouriSt. Louis County,27.6,21583.2,488
MISSOURI BAPTIST MEDICAL CENTER,3015 N BALLAS RD., ST. LOUIS,MO,63131,798306,1,38.61407296,-90.44309593,Missouri,402,St. Louis,MissouriSt. Louis County,27.6,11095.2,251
ADVOCATE GOOD SHEPHERD HOSPITAL,27750 WEST HIGHWAY 22 SUITE G50, BARRINGTON,IL,60010,775552,1,42.16436633,-88.14331084,Illinois,176,Lake,IllinoisLake County,29.2,5139.2,116
MERCY HOSPITAL FORT SMITH,7301 ROGERS AVE., FORT SMITH,AR,72903,793788,1,35.35909338,-94.36486874,Arkansas,256,Sebastian,ArkansasSebastian County,25.7,6579.2,149
RUSH COPLEY MEDICAL CENTER,2000 OGDEN AVENUE, AURORA,IL,60504,793023,1,41.74352552,-88.24479714,Illinois,192,Kane,IllinoisKane County,30.8,5913.6,134
MERCY HOSPITAL SOUTH DAVID SINDELAR CANCER CENTER,10050 KENNERLY RD., ST LOUIS,MO,63128,803014,1,38.4977855,-90.37340791,Missouri,725,St. Louis,MissouriSt. Louis County,27.6,20010,453
BARNES JEWISH HOSPITAL/WASHINGTON UNIVERSITY IN ST. LOUIS,4921 PARKVIEW PL, ST. LOUIS,MO,63110,797880,5,38.61737968,-90.25871572,Missouri,1265,St. Louis City,MissouriSt. Louis City County,23.6,149270,3376
CONFLUENCE HEALTH,1201 S MILLER, WENATCHEE,WA,98801,776651,1,47.42619953,-120.3297885,Washington,187,Chelan,WashingtonChelan County,31.8,5946.6,135
ADVOCATE CONDELL MEDICAL CENTER,BLDG 880 RADIATION ONCOLOGY FL1 801 S MILWAUKEE AVE, LIBERTYVILLE,IL,60048-3204,775050,1,42.28842033,-87.95193643,Illinois,257,Lake,IllinoisLake County,29.2,7504.4,170
NORTHWEST COMMUNITY HOSPITAL ENDEAVOR HEALTH,800 WEST CENTRAL ROAD, ARLINGTON HEIGHTS,IL,60005,777194,1,42.06511548,-87.98292568,Illinois,424,Cook,IllinoisCook County,29.5,12508,283
ASCENSION ALEXIAN BROTHERS MEDICAL CENTER,800 BIESTERFIELD RD RADIATION ONCOLOGY BUILDING 5 SUITE 110, ELK GROVE VILLAGE,IL,60007,795681,1,42.00568659,-88.01318686,Illinois,282,Cook,IllinoisCook County,29.5,8319,188
MIDWESTERN REGIONAL MEDICAL CENTER (CITY OF HOPE CHICAGO),2520 ELISHA AVENUE, ZION,IL,60099,764703,1,42.44968173,-87.84688561,Illinois,73,Lake,IllinoisLake County,29.2,2131.6,48
ELMHURST HOSPITAL,155 E. BRUSH HILL ROAD, ELMHURST,IL,60126,775197,1,41.89234249,-87.94214451,Illinois,258,Dupage,IllinoisDupage County,23.6,6088.8,138
ADVOCATE LUTHERAN GENERAL HOSPITAL,1700 LUTHER LANE, PARK RIDGE,IL,60068,773969,1,42.01221888,-87.84218058,Illinois,562,Cook,IllinoisCook County,29.5,16579,375
ADVOCATE ILLINOIS MASONIC MEDICAL CENTER,836 W. WELLINGTON AVE., CHICAGO,IL,60657,774863,1,41.93967674,-87.64953007,Illinois,237,Cook,IllinoisCook County,29.5,6991.5,158
RUSH UNIVERSITY MEDICAL CENTER,1620 W. HARRISON ST.3RD FLOOR TOWER, CHICAGO,IL,60612,792823,2,41.88091222,-87.68620795,Illinois,608,Cook,IllinoisCook County,29.5,35872,811
ADVOCATE CHRIST MEDICAL CENTER,4440 WEST 95TH STREET ATTN: INPATIENT NUC MED DEPT, OAK LAWN,IL,60453-2600,775051,1,41.71292653,-87.75018349,Illinois,725,Cook,IllinoisCook County,29.5,21387.5,484
NORTHWESTERN MEMORIAL HOSPITAL,251 E HURON ST GALTER PAVILION - NUCLEAR MEDICINE, CHICAGO,IL,60611,797363,5,41.89510455,-87.62144806,Illinois,944,Cook,IllinoisCook County,29.5,139240,3150
UNIVERSITY OF CHICAGO MEDICAL CENTER,5841 S. MARYLAND AVENUE, CHICAGO,IL,60637,785535,5,41.78266929,-87.60268161,Illinois,737,Cook,IllinoisCook County,29.5,108707.5,2459
MAYO CLINIC ARIZONA,5881 E. MAYO BLVD, PHOENIX,AZ,85054,775013,5,33.67057591,-111.9502536,Arizona,353,Maricopa,ArizonaMaricopa County,17.6,31064.000000000004,703
SCHOOLCRAFT MEMORIAL HOSPITAL,MAIN BLDG 7870W US HIGHWAY 2, MANISTIQUE,MI,49854-8992,776468,1,46.02195893,-86.25337248,Michigan,12,Schoolcraft,MichiganSchoolcraft County,23.6,283.20000000000005,6
DIGNITY HEALTH CANCER INSTITUTE AT ST. JOSEPH'S HOSPITAL AND MEDICAL CENTER,350 W THOMAS ROAD, PHOENIX,AZ,85013,794561,1,33.5055547,-112.0824233,Arizona,531,Maricopa,ArizonaMaricopa County,17.6,9345.6,211
RENOWN HEALTH,1155 MILL STREET, RENO,NV,89502,776754,1,39.49711984,-119.7762982,Nevada,592,Washoe,NevadaWashoe County,23.6,13971.2,316
CITY OF HOPE CANCER CENTER PHOENIX,14200 W CELEBRATE LIFE WAY, GOODYEAR,AZ,85338,764484,1,33.41339959,-112.4141957,Arizona,38,Maricopa,ArizonaMaricopa County,17.6,668.8000000000001,15
COREWELL HEALTH ST. JOSEPH,COREWELL HEALTH 1234 NAPIER AVE STE D13536 FL, SAINT JOSEPH,MI,49085-2112,787587,1,42.06858187,-86.47919518,Michigan,231,Berrien,MichiganBerrien County,28.2,6514.2,147
UT SOUTHWESTERN,5939 HARRY HINES BLVD, DALLAS,TX,75390,797321,5,32.81290456,-96.84223016,Texas,728,Dallas,TexasDallas County,23.7,86268,1951
SWEDISH CANCER INSTITUTE,751 NE BLAKELY DRIVE SUITE 100, ISSAQUAH,WA,98029,776340,1,47.56030298,-122.0138793,Washington,167,King,WashingtonKing County,30.6,5110.2,116
METHODIST HOSPITAL,1441 N. BECKLEY AVE., DALLAS,TX,75203,793912,1,32.74798113,-96.80858355,Texas,403,Dallas,TexasDallas County,23.7,9551.1,216
MUNSON MEDICAL CENTER - COWELL FAMILY CANCER CENTER,217 S. MADISON STREET, TRAVERSE CITY,MI,49684-2346,792661,1,44.7717922,-85.66074264,Michigan,401,Grand Traverse,MichiganGrand Traverse County,23.6,9463.6,214
PROVIDENCE REGIONAL MEDICAL CENTER,1717 13THST., EVERETT,WA,98201,774075,1,47.98758046,-122.202915,Washington,551,Snohomish,WashingtonSnohomish County,29,15979,361
VIRGINIA MASON MEDICAL CENTER,1100 9TH AVE, SEATTLE,WA,98101,794691,1,47.61130668,-122.3336004,Washington,222,King,WashingtonKing County,30.6,6793.200000000001,154
FRED HUTCHINSON CANCER CENTER,1354 ALOHA ST, SEATTLE,WA,98109,792954,5,47.62989437,-122.3467833,Washington,20,King,WashingtonKing County,30.6,3060,69
SWEDISH CANCER INSTITUTE,21605 76TH AVE W SUITE 100, EDMONDS,WA,98026,782496,1,47.82202693,-122.3348281,Washington,157,Snohomish,WashingtonSnohomish County,29,4553,103
SKY LAKES MEDICAL CENTER,FL 1 2865 DAGGETT AVE, KLAMATH FALLS,OR,97601-1106,802492,1,42.23450743,-121.8106843,Oregon,90,Klamath,OregonKlamath County,27.5,2475,56
MULTICARE CANCER INSTITUTE - TACOMA GENERAL HOSPITAL,ATTN: NUC MED TACOMA GEN HOSP 315 ML.K JR WAY, TACOMA,WA,98405-4234,774988,1,47.24820367,-122.4659213,Washington,360,Pierce,WashingtonPierce County,29,10440,236
UNIVERSITY OF ARKANSAS FOR MEDICAL SCIENCES (UAMS),4301 WEST MARKHAM STREET, LITTLE ROCK,AR,72205,800831,2,34.75152812,-92.34549553,Arkansas,545,Pulaski,ArkansasPulaski County,21.5,23435,530
UNION HOSPITAL HUX CANCER CENTER,1711 N 6 1/2 STREET SUITE 100 FLOOR NO. 1ST FLOOR, TERRE HAUTE,IN,47804,798427,1,39.49449614,-87.39455531,Indiana,260,Vigo,IndianaVigo County,23.6,6136,139
PROVIDENCE PORTLAND MEDICAL CENTER,4805 NE GLISAN ST, PORTLAND,OR,97213,776088,1,45.53668994,-122.6004531,Oregon,391,Multnomah,OregonMultnomah County,30.4,11886.4,269
TRINITY HEALTH GRAND RAPIDS,200 JEFFERSON SE, GRAND RAPIDS,MI,49503,796021,1,42.96373663,-85.65681698,Michigan,275,Kent,MichiganKent County,23.3,6407.5,145
SKAGIT REGIONAL HOSPITAL,1415 E. KINCAID ST, MT VERNON,WA,98273,777001,1,48.42823699,-122.3257671,Washington,137,Skagit,WashingtonSkagit County,28.7,3931.9,89
ST BERNARDS MEDICAL CENTER,NUC MED 225 E WASHINGTON AVE, JONESBORO,AR,72401-3111,766367,1,35.84048308,-90.69565276,Arkansas,373,Craighead,ArkansasCraighead County,29.7,11078.1,251
OREGON HEALTH AND SCIENCE UNIVERSITY,3181 SW SAM JACKSON PARK ROAD, PORTLAND,OR,97239,793532,5,45.48916375,-122.6881068,Oregon,562,Multnomah,OregonMultnomah County,30.4,85424,1932
TUCSON MEDICAL CENTER,NUC MED FL 1 5301 E GRANT RD, TUCSON,AZ,85712-2805,774808,1,32.25058739,-110.8867969,Arizona,473,Pima,ArizonaPima County,18.4,8703.199999999999,197
PEACEHEALTH ST JOSEPH MEDICAL CENTER,3301 SQUALICUM PARKWAY, BELLINGHAM,WA,98225,794859,1,48.74887156,-122.4910125,Washington,208,Whatcom,WashingtonWhatcom County,32.6,6780.8,153
BANNER UNIVERSITY MEDICAL CENTER - TUCSON,1625 N CAMPBELL AVE NUC MED TOWER 1, TUCSON,AZ,85719-4330,775307,2,32.25310279,-110.9504917,Arizona,559,Pima,ArizonaPima County,18.4,20571.199999999997,465
MULTICARE CANCER INSTITUTE - CAPITAL MEDICAL CENTER,3900 CAPITAL MALL DRIVE DR SW SUITE NO. 100B FLOOR NO. 1ST, OLYMPIA,WA,98502,774989,1,47.06933511,-122.949991,Washington,107,Thurston,WashingtonThurston County,32,3424,77
GOSHEN HEALTH,200 HIGH PARK AVE., GOSHEN,IN,46526,776884,1,41.57133687,-85.84872761,Indiana,105,Elkhart,IndianaElkhart County,23.6,2478,56
GOOD SAMARITAN HOSPITAL - RADIATION ONCOLOGY,520 SOUTH SEVENTH STREET, VINCENNES,IN,47591,771506,1,38.67296932,-87.50632931,Indiana,99,Knox,IndianaKnox County,23.6,2336.4,53
PEACEHEALTH SACRED HEART MEDICAL CENTER AT RIVERBEND,3331 RIVERBEND DRIVE, SPRINGFIELD,OR,97477,794039,1,44.06148294,-123.0175581,Oregon,354,Lane,OregonLane County,16.9,5982.599999999999,135
BRONSON BATTLE CREEK,NUC MED HOT LAB STE 1642 FL 1 300 NORTH AVE, BATTLE CREEK,MI,49017-3307,774278,1,42.35928271,-85.18737703,Michigan,139,Calhoun,MichiganCalhoun County,21.9,3044.1,69
ASCENSION ST VINCENT INDIANAPOLIS,8301 HARCOURT RD STE 100, INDIANAPOLIS,IN,46260-2082,796627,1,39.89917593,-86.18573892,Indiana,751,Marion,IndianaMarion County,23.6,17723.600000000002,401
MARY & DICK HEIMANN CANCER CENTER/ASANTE ROGUE REGIONAL MEDICAL CENTER,2825 E. BARNETT RD, MEDFORD,OR,97504,764985,1,42.33649172,-122.8409336,Oregon,322,Jackson,OregonJackson County,31.8,10239.6,232
PROVIDENCE MEDFORD MEDICAL CENTER,1111 CRATER LAKE AV DIAGNOSTIC IMAGING NUCLEAR MEDICINE DEPT, MEDFORD,OR,97504,776633,1,42.33649172,-122.8409336,Oregon,100,Jackson,OregonJackson County,31.8,3180,72
IU HEALTH UNIVERSITY HOSPITAL,550 N UNIVERSITY BLVD RM 0670 KEY PAD CODE 7777, INDIANAPOLIS,IN,46202,774698,5,39.78317412,-86.15931814,Indiana,1274,Marion,IndianaMarion County,23.6,150332,3400
COMMUNITY HOSPITAL EAST,1500 N. RITTER AVENUE, INDIANAPOLIS,IN,46219,806049,1,39.78165426,-86.0498015,Indiana,385,Marion,IndianaMarion County,23.6,9086,206
KARMANOS CANCER INSTITUTE AT MCLAREN GREATER LANSING,3520 FOREST RD., LANSING,MI,48910,766901,1,42.69974907,-84.54726407,Michigan,193,Ingham,MichiganIngham County,22.2,4284.599999999999,97
SUTTER ROSEVILLE MEDICAL CENTER,1 MEDICAL PLAZA, ROSEVILLE,CA,95661,777301,1,38.73899888,-121.2505377,California,343,Placer,CaliforniaPlacer County,26.9,9226.699999999999,209
PARKVIEW REGIONAL MEDICAL CENTER,PARKVIEW OUTPATIENT CTR NUC MEDICINE DEPT 11141 PARKVIEW PLAZA DR STE 100, FORT WAYNE,IN,46845,803953,1,41.19729022,-85.11514419,Indiana,784,Allen,IndianaAllen County,23.6,18502.4,419
REGIONAL ONE HEALTH,877 JEFFERSON AVE, MEMPHIS,TN,38103,787649,1,35.15305183,-90.05446216,Tennessee,291,Shelby,TennesseeShelby County,21.2,6169.2,140
BAPTIST MEMORIAL HOSPITAL MEMPHIS,6019 WALNUT GROVE RD, MEMPHIS,TN,38120,764991,1,35.12136463,-89.86251281,Tennessee,800,Shelby,TennesseeShelby County,21.2,16960,384
MAJOR HOSPITAL,2455 INTELLIPLEX DRIVE, SHELBYVILLE,IN,46176,774701,1,39.5219775,-85.77544506,Indiana,46,Shelby,IndianaShelby County,23.6,1085.6000000000001,25
WILLIS-KNIGHTON,2600 KINGS HIGHWAY, SHREVEPORT,LA,71103,764716,1,32.49397005,-93.77433822,Louisiana,674,Caddo Parish,LouisianaCaddo Parish County,23.6,15906.400000000001,360
COLUMBUS REGIONAL HEALTH,MAIN HOSPITAL FL 1 2400 E 17TH ST, COLUMBUS,IN,47201-5351,775855,1,39.19240514,-85.94539946,Indiana,213,Bartholomew,IndianaBartholomew County,23.6,5026.8,114
OCHSNER LSU HEALTH SHREVEPORT,1541 KINGS HIGHWAY, SHREVEPORT,LA,71103,793652,2,32.49397005,-93.77433822,Louisiana,237,Caddo Parish,LouisianaCaddo Parish County,23.6,11186.400000000001,253
UNIVERSITY OF CALIFORNIA DAVIS MEDICAL CENTER,4301 X STREET, SACRAMENTO,CA,95817,793611,5,38.55000158,-121.4569298,California,661,Sacramento,CaliforniaSacramento County,25.9,85599.5,1936
CHRISTUS SHREVEPORT-BOSSIER HEALTH SYSTEM,1453 EAST BERT KOUNS IND LOOP, SHREVEPORT,LA,71105,793650,1,32.45883398,-93.71359384,Louisiana,199,Bossier Parish,LouisianaBossier Parish County,23.6,4696.400000000001,106
DESERT REGIONAL COMPREHENSIVE CANCER CENTER,1180 N. INDIAN CANYON DRIVE SUITE E218, PALM SPRINGS,CA,92262,787690,1,33.84321429,-116.539073,California,326,Riverside,CaliforniaRiverside County,21,6846,155
LOMA LINDA UNIVERSITY HEALTH,11234 ANDERSON ST., LOMA LINDA,CA,92354,791633,2,34.05152544,-117.2503633,California,437,San Bernardino,CaliforniaSan Bernardino County,24.3,21238.2,480
ADVENTIST HEALTH BAKERSFIELD,ADVENTIST HEALTH 2615 CHESTER AVE FL 1, BAKERSFIELD,CA,93301,775671,1,35.38697571,-119.0185023,California,254,Kern,CaliforniaKern County,24.1,6121.400000000001,138
MICHIGAN MEDICINE - UNIVERSITY HOSPITAL,1500 E MEDICAL CENTER DR NUCLEAR MEDICINE THERAPY CLINIC (UH B1H320) ATTN: MEGHAN DOYLE CLINIC CARE COOR, ANN ARBOR,MI,48109,792843,2,42.2816283,-83.7321566,Michigan,954,Washtenaw,MichiganWashtenaw County,26.5,50562,1144
KAISER PERMANENTE ANTIOCH MEDICAL CTR,4501 SAND CREEK RD, ANTIOCH,CA,94531-8687,775803,1,37.96930372,-121.7753497,California,144,Contra Costa,CaliforniaContra Costa County,22.7,3268.7999999999997,74
DEPARTMENT OF RADIOLOGY CITY OF HOPE NATIONAL CANCER CENTER,1500 EAST DUARTE ROAD, DUARTE,CA,91010,765665,5,34.13770745,-117.9658366,California,234,Los Angeles,CaliforniaLos Angeles County,23.1,27027,611
THE UNIVERSITY OF TOLEDO MEDICAL CENTER,3000 ARLINGTON AVENUE, TOLEDO,OH,43614,793299,2,41.60252128,-83.63368707,Ohio,212,Lucas,OhioLucas County,27.4,11617.599999999999,263
QUEEN OF THE VALLEY MEDICAL CENTER,1000 TRANCAS STREET, NAPA,CA,94558,792225,1,38.32630032,-122.3031638,California,139,Napa,CaliforniaNapa County,26.8,3725.2000000000003,84
COREWELL HEALTH WILLIAM BEAUMONT UNIVERSITY HOSPITAL,RADIOPHARMACY NUC MED 3601 W 13 MILE RD 1ST FL N ENTRANCE, ROYAL OAK,MI,48073,776744,2,42.5196015,-83.16398859,Michigan,1026,Oakland,MichiganOakland County,23.8,48837.6,1105
ST JUDE MEDICAL CENTER,101 EAST VALENCIA MESA, FULLERTON,CA,92835,792528,1,33.90138095,-117.9081624,California,290,Orange,CaliforniaOrange County,21.6,6264,142
THE MEDICAL CENTER CANCER TREATMENT CENTER,250 PARK ST. FL 1, BOWLING GREEN,KY,42101-1760,799978,1,37.00729931,-86.45311629,Kentucky,304,Warren,KentuckyWarren County,24.8,7539.2,171
NORRIS CANCER CENTER OF USC,1441 EASTLAKE AVE, LOS ANGELES,CA,90033,761425,5,34.04830626,-118.2089841,California,60,Los Angeles,CaliforniaLos Angeles County,23.1,6930,157
HENRY FORD WYANDOTTE HOSPITAL,CAHALAN BLDG 2333 BIDDLE AVE GRD FL, WYANDOTTE,MI,48192-4668,776929,1,42.2101625,-83.16410272,Michigan,277,Wayne,MichiganWayne County,27.1,7506.700000000001,170
KARMANOS CANCER INSTITUTE,4100 JOHN R STREET, DETROIT,MI,48201,766905,1,42.34954047,-83.06210362,Michigan,102,Wayne,MichiganWayne County,27.1,2764.2000000000003,63
KARMANOS CANCER INSTITUTE - MCLAREN MACOMB,NUC MED DEPT 1000 HARRINGTON ST 1ST FL, MT. CLEMENS,MI,48043-2920,766904,1,42.59727385,-82.88159889,Michigan,271,Macomb,MichiganMacomb County,26.1,7073.1,160
UNIVERSITY OF CALIFORNIA LOS ANGELES MEDICAL CENTER,200 UCLA MEDICAL PLAZA UCLA NUCLEAR MEDICINE SUITE B-114, LOS ANGELES,CA,90095,793794,5,34.06564738,-118.44576,California,446,Los Angeles,CaliforniaLos Angeles County,23.1,51513,1165
KETTERING HEALTH,3535 SOUTHERN BLVD, KETTERING,OH,45429,778390,1,39.68765888,-84.1556487,Ohio,386,Montgomery,OhioMontgomery County,29.7,11464.199999999999,259
LONG BEACH MEMORIALCARE MEDICAL CENTER,2801 ATLANTIC AVE, LONG BEACH,CA,90806,793179,1,33.79991024,-118.1920309,California,369,Los Angeles,CaliforniaLos Angeles County,23.1,8523.9,193
TRIHEALTH GOOD SAMARITAN HOSPITAL - CINCINNATI,375 DIXMYTH AVE, CINCINNATI,OH,45220,793300,1,39.14321357,-84.52309863,Ohio,362,Hamilton,OhioHamilton County,22.6,8181.200000000001,185
THE CHRIST HOSPITAL,2139 AUBURN AVE, CINCINNATI,OH,45219,792405,1,39.12696735,-84.51346704,Ohio,442,Hamilton,OhioHamilton County,22.6,9989.2,226
ST. ELIZABETH HEALTHCARE,YUNG FAMILY CANCER CENTER ONE MEDICAL VILLAGE DR, EDGEWOOD,KY,41017,766064,1,39.03164848,-84.56712156,Kentucky,438,Kenton,KentuckyKenton County,24,10512,238
UNIVERSITY OF CALIFORNIA SAN FRANCISCO,1825 4TH ST, SAN FRANCISCO,CA,94158,804917,5,37.77306239,-122.3935903,California,887,San Francisco,CaliforniaSan Francisco County,21.4,94909,2147
EL CAMINO HEALTH - MOUNTAIN VIEW HOSPITAL,2500 GRANT RD., MOUNTAIN VIEW,CA,94040,792535,1,37.38791447,-122.0903324,California,400,Santa Clara,CaliforniaSanta Clara County,21.3,8520,193
VANDERBILT UNIVERSITY MEDICAL CENTER,1211 MEDICAL CENTER DRIVE, NASHVILLE,TN,37232,791168,5,36.14126533,-86.80164469,Tennessee,1084,Davidson,TennesseeDavidson County,24.8,134416,3040
CALIFORNIA PACIFIC MEDICAL CENTER,45 CASTRO STREET, SAN FRANCISCO,CA,94114,776141,1,37.75871313,-122.434996,California,105,San Francisco,CaliforniaSan Francisco County,21.4,2247,51
STANFORD HOSPITAL AND CLINICS,300 PASTEUR DR SUITE NO. H2221, PALO ALTO,CA,94305,796982,5,37.42283383,-122.1598761,California,705,Santa Clara,CaliforniaSanta Clara County,21.3,75082.5,1698
NORTH MISSISSIPPI MEDICAL CENTER RADIATION ONCOLOGY,990 S. MADISON STREET SUITE 1, TUPELO,MS,38801,765102,1,34.23930671,-88.7525842,Mississippi,476,Lee,MississippiLee County,23.3,11090.800000000001,251
DOMINICAN HOSPITAL,1555 SOQUEL DR, SANTA CRUZ,CA,95065-1705,792770,1,37.00287312,-121.9841684,California,202,Santa Cruz,CaliforniaSanta Cruz County,30.2,6100.4,138
UT HEALTH SAN ANTONIO,8300 FLOYD CURL DRIVE, SAN ANTONIO,TX,78229,778208,5,29.50728534,-98.56956036,Texas,669,Bexar,TexasBexar County,17.9,59875.49999999999,1354
SHARP MEMORIAL HOSPITAL,7901 FROST ST, SAN DIEGO,CA,92123,798539,1,32.80109434,-117.1369094,California,745,San Diego,CaliforniaSan Diego County,29.4,21903,495
SCRIPPS MERCY,4077 FIFTH AVE, SAN DIEGO,CA,92103,765163,1,32.7461395,-117.162339,California,487,San Diego,CaliforniaSan Diego County,29.4,14317.8,324
UC SAN DIEGO HEALTH,200 WEST ARBOR DR, SAN DIEGO,CA,92103,805774,5,32.7461395,-117.162339,California,828,San Diego,CaliforniaSan Diego County,29.4,121716,2753
MARIAN REGIONAL MEDICAL CENTER,1400 EAST CHURCH STREET, SANTA MARIA,CA,93454,794286,1,34.95297867,-120.4184992,California,238,Santa Barbara,CaliforniaSanta Barbara County,37.5,8925,202
UK HEALTHCARE,800 ROSE ST PAVILION H GRD FL RM N049A, LEXINGTON,KY,40536,792328,5,38.03154281,-84.50739712,Kentucky,1129,Fayette,KentuckyFayette County,25.2,142254,3218
BAPTIST HEALTH LEXINGTON,1740 NICHOLASVILLE RD, LEXINGTON,KY,40503,797510,1,38.00590876,-84.53361936,Kentucky,434,Fayette,KentuckyFayette County,25.2,10936.8,247
CHI SAINT JOSEPH EAST,150 N EAGLE CREEK DR, LEXINGTON,KY,40509,793239,1,38.00839896,-84.41747868,Kentucky,138,Fayette,KentuckyFayette County,25.2,3477.6,79
UNIVERSITY OF MISSISSIPPI MEDICAL CENTER,2500 NORTH STATE STREET, JACKSON,MS,39216,792368,2,32.33804978,-90.16851755,Mississippi,759,Hinds,MississippiHinds County,37.3,56621.399999999994,1281
ST. DOMINIC HOSPITAL,969 LAKELAND DRIVE, JACKSON,MS,39216,775078,1,32.33804978,-90.16851755,Mississippi,526,Hinds,MississippiHinds County,37.3,19619.8,444
BAPTIST MEMORIAL HOSPITAL - GOLDEN TRIANGLE,2520 5TH STREET NORTH, COLUMBUS,MS,39705,764610,1,33.56053131,-88.41904199,Mississippi,146,Lowndes,MississippiLowndes County,24,3504,79
HOUSTON METHODIST HOSPITAL,6565 FANNIN ST, HOUSTON,TX,77030,774618,1,29.70399077,-95.40888813,Texas,976,Harris,TexasHarris County,23.1,22545.600000000002,510
CLEVELAND CLINIC FAIRVIEW HOSPITAL- RADIOLOGY,MAIN BLDG RAD STE FL 1 18101 LORAIN AVE, CLEVELAND,OH,44111-5612,803874,1,41.45711065,-81.78492061,Ohio,466,Cuyahoga,OhioCuyahoga County,26.3,12255.800000000001,277
METROHEALTH,2500 METROHEALTH DRIVE, CLEVELAND,OH,44109,807149,1,41.4426223,-81.70161692,Ohio,501,Cuyahoga,OhioCuyahoga County,26.3,13176.300000000001,298
CLEVELAND CLINIC MAIN CAMPUS,2035 EAST 86TH STREET, CLEVELAND,OH,44195,803403,1,41.50249273,-81.62675462,Ohio,1288,Cuyahoga,OhioCuyahoga County,26.3,33874.4,766
UNIVERSITY HOSPITALS OF CLEVELAND,11100 EUCLID AVE., CLEVELAND,OH,44106,800618,2,41.50778744,-81.60414519,Ohio,656,Cuyahoga,OhioCuyahoga County,26.3,34505.6,781
LAKE CHARLES MEMORIAL HOSPITAL-RADIATION ONCOLOGY,1701 OAK PARK BLVD, LAKE CHARLES,LA,70601,775871,1,30.2215881,-93.20408846,Louisiana,227,Calcasieu Parish,LouisianaCalcasieu Parish County,23.6,5357.200000000001,121
CLEVELAND CLINIC HILLCREST HOSPITAL,6780 MAYFIELD RD STE MLL-3 GROUND FL, MAYFIELD HEIGHTS,OH,44124-2203,803404,1,41.51510167,-81.46423693,Ohio,483,Cuyahoga,OhioCuyahoga County,26.3,12702.9,287
UNIVERSITY OF TEXAS MEDICAL BRANCH,301 UNIVERSITY BLVD, GALVESTON,TX,77555,803487,2,29.31177392,-94.77812682,Texas,837,Galveston,TexasGalveston County,21.5,35991,814
OPELOUSAS GENERAL HEALTH SYSTEM,3983 1-49 S SERVICE RD, OPELOUSAS,LA,70570,792044,1,30.52699444,-92.09492581,Louisiana,151,St. Landry Parish,LouisianaSt. Landry Parish County,23.6,3563.6000000000004,81
SOUTHWEST MISSISSIPPI REGIONAL MEDICAL CENTER,215 MARION AVENUE, MCCOMB,MS,39648,763830,1,31.22854927,-90.43921769,Mississippi,97,Pike,MississippiPike County,38.8,3763.6,85
LOURDES ONCOLOGICS,4809 AMBASSADOR CAFFERY SUITE 100, LAFAYETTE,LA,70508,792838,1,30.15732788,-92.02901043,Louisiana,383,Lafayette Parish,LouisianaLafayette Parish County,23.6,9038.800000000001,204
ARH CANCER CENTER- ARH HAZARD REGIONAL MEDICAL CENTER,100 AND 101 MEDICAL CENTER DRIVE, HAZARD,KY,41701,792326,1,37.27250849,-83.19432853,Kentucky,103,Perry,KentuckyPerry County,24.2,2492.6,56
ST. MARY'S MEDICAL CENTER RADIATION ONCOLOGY,2900 1ST AVENUE, HUNTINGTON,WV,25702,778675,1,38.42987668,-82.38854718,West Virginia,362,Cabell,West VirginiaCabell County,22.2,8036.4,182
UNIVERSITY OF ALABAMA AT BIRMINGHAM HOSPITAL (UAB),619 19TH STREET SOUTHNUCLEAR MEDICINE 7TH FLOOR JEFFERSON TOWERS, BIRMINGHAM,AL,35233,764885,5,33.509076,-86.80313291,Alabama,1149,Jefferson,AlabamaJefferson County,24.6,141327,3197
TENNOVA HEALTHCARE- TURKEY CREEK MEDICAL CENTER,10820 PARKSIDE DRIVE, KNOXVILLE,TN,37934,778665,1,35.87546278,-84.17345055,Tennessee,219,Knox,TennesseeKnox County,23.2,5080.8,115
ST. ELIZABETH YOUNGSTOWN HOSPITAL,1044 BELMONT AVENUE, YOUNGSTOWN,OH,44501,775452,1,41.1144415,-80.65752109,Ohio,323,Mahoning,OhioMahoning County,17.2,5555.599999999999,126
OCHSNER HEALTH,17050 MEDICAL CENTER DRIVE, BATON ROUGE,LA,70816,766890,1,30.42625637,-91.03476795,Louisiana,171,E. Baton Rouge Parish,LouisianaE. Baton Rouge Parish County,23.6,4035.6000000000004,91
UNIVERSITY OF TENNESSEE MEDICAL CENTER,1924 ALCOA HIGHWAY, KNOXVILLE,TN,37920,803416,2,35.92312869,-83.8869914,Tennessee,698,Knox,TennesseeKnox County,23.2,32387.2,733
FORREST GENERAL HOSPITAL,6051 HWY 49, HATTIESBURG,MS,39401,766307,1,31.30750752,-89.31010542,Mississippi,454,Forrest,MississippiForrest County,28.1,12757.400000000001,289
PEEPLES CANCER INSTITUTE - HAMILTON MEDICAL CENTER,1215 MEMORIAL DR., DALTON,GA,30720,764800,1,34.77019189,-84.98638452,Georgia,239,Whitfield,GeorgiaWhitfield County,17.5,4182.5,95
TRINITY MEDICAL CENTER WEST CAMPUS,4000 JOHNSON RD, STEUBENVILLE,OH,43952,793303,1,40.3747234,-80.63924761,Ohio,154,Jefferson,OhioJefferson County,16.9,2602.6,59
ATRIUM HEALTH FLOYD MEDICAL CENTER RADIATION ONCOLOGY,304 TURNER MCCALL BLVD 2ND MAIN FL, ROME,GA,30165-5621,775338,1,34.28578924,-85.22154762,Georgia,227,Floyd,GeorgiaFloyd County,18.2,4131.4,93
NORTHEAST ALABAMA REGIONAL MEDICAL CENTER,400 EAST 10TH STREET, ANNISTON,AL,36207,778593,1,33.65218802,-85.77141516,Alabama,295,Calhoun,AlabamaCalhoun County,18.8,5546,125
ST. TAMMANY CANCER CENTER,900 OCHSNER BOULEVARD, COVINGTON,LA,70433,777524,1,30.45739589,-90.10485821,Louisiana,229,St. Tammany Parish,LouisianaSt. Tammany Parish County,23.6,5404.400000000001,122
UPMC WASHINGTON,155 WILSON AVE, WASHINGTON,PA,15301,793885,2,40.17426923,-80.25306158,Pennsylvania,214,Washington,PennsylvaniaWashington County,25.5,10914,247
INDIAN PATH COMMUNITY HOSPITAL,2000 BROOKSIDE DRIVE, KINGSPORT,TN,37660,781661,1,36.55192154,-82.55645723,Tennessee,40,Sullivan,TennesseeSullivan County,20.7,828,19
UPMC CHAUTAUQUA AT WCA,207 FOOTE AVE STE NM FL 1, JAMESTOWN,NY,14701-7077,776272,2,42.09298632,-79.24368222,New York,257,Chautauqua,New YorkChautauqua County,17.5,8995,203
WEST PENN HOSPITAL,4800 FRIENDSHIP AVENUE, PITTSBURGH,PA,15224,793729,1,40.46343233,-79.94649758,Pennsylvania,255,Allegheny,PennsylvaniaAllegheny County,28.7,7318.5,166
ROSWELL PARK COMPREHENSIVE CANCER CENTER,ELM AND CARLTON STREETS, BUFFALO,NY,14263,785463,5,42.89924388,-78.86456575,New York,157,Erie,New YorkErie County,20.5,16092.5,364
NORTHSIDE HOSPITAL CHEROKEE,450 NORTHSIDE CHEROKEE BLVD, CANTON,GA,30115,764802,1,34.20227492,-84.42424994,Georgia,325,Cherokee,GeorgiaCherokee County,35.4,11505,260
MEMORIAL HEALTH SYSTEM,MEMORIAL CANCER CENTER 1340 BROAD AVENUE SUITE 140, GULFPORT,MS,39501,767063,1,30.38064017,-89.099107,Mississippi,285,Harrison,MississippiHarrison County,25.8,7353,166
WVU MEDICINE,ONE MEDICAL CENTER DRIVE, MORGANTOWN,WV,26506,775772,2,39.6498,-79.9628,West Virginia,716,Monongalia,West VirginiaMonongalia County,16.8,24057.600000000002,544
MON HEALTH MEDICAL CENTER,FL 2 1200 JD ANDERSON DR, MORGANTOWN,WV,26505-3494,776552,1,39.65115177,-79.95271033,West Virginia,160,Monongalia,West VirginiaMonongalia County,16.8,2688,61
NORTHSIDE HOSPITAL FORSYTH,1200 NORTHSIDE FORSYTH BLVD, CUMMING,GA,30041,764801,1,34.17567942,-84.11485684,Georgia,376,Forsyth,GeorgiaForsyth County,27.1,10189.6,230
NORTHSIDE HOSPITAL,1000 JOHNSON FERRY ROAD NE, ATLANTA,GA,30342,761636,1,33.88723555,-84.37566993,Georgia,673,Fulton,GeorgiaFulton County,29.5,19853.5,449
PIEDMONT HOSPITAL - RADIATION ONCOLOGY,1800 HOWELL MILL RD, ATLANTA,GA,30318,791243,1,33.79294211,-84.4431029,Georgia,574,Fulton,GeorgiaFulton County,29.5,16933,383
NORTHEAST GEORGIA MEDICAL CENTER-GAINESVILLE,BLUE TOWER FL 1 743 SPRING ST, GAINESVILLE,GA,30501-3715,764804,1,34.31249988,-83.82364332,Georgia,657,Hall,GeorgiaHall County,26.8,17607.600000000002,398
GRADY HEALTH SYS,GRADY MEMORIAL HOSP 80 JESSE HILL JR DR SE STE 3A FL 114, ATLANTA,GA,30303,774110,1,33.75383119,-84.38814425,Georgia,707,Fulton,GeorgiaFulton County,29.5,20856.5,472
PRINCETON COMMUNITY HOSPITAL ASSOCIATION INC,122 TWELFTH ST FL 1, PRINCETON,WV,24740-2312,792955,1,37.37492433,-81.09459927,West Virginia,124,Mercer,West VirginiaMercer County,17.4,2157.6,49
WELLSTAR WEST GEORGIA MEDICAL CENTER - ENOCH CALLAWAY CANCER CENTER,111 MEDICAL DR, LAGRANGE,GA,30240,806920,1,33.04023898,-85.07330724,Georgia,276,Troup,GeorgiaTroup County,22.8,6292.8,142
MOBILE INFIRMARY MEDICAL CENTER,5 MOBILE INFIRMARY CIRCLE, MOBILE,AL,36607,782695,1,30.69754855,-88.10246205,Alabama,521,Mobile,AlabamaMobile County,18.4,9586.4,217
NORTHSIDE HOSPITAL GWINNETT,1000 MEDICAL CENTER BLVD., LAWRENCEVILLE,GA,30046-7694,764807,1,33.94452218,-83.9945105,Georgia,440,Gwinnett,GeorgiaGwinnett County,22.2,9768,221
PIEDMONT FAYETTE HOSPITAL,BLDG 1255 STE CORE FL 1 1255 HWY 54W, FAYETTEVILLE,GA,30214-4526,791247,1,33.4855131,-84.47718513,Georgia,299,F,GeorgiaF County,23.6,7056.400000000001,160
DAVIS MEDICAL CENTER,812 GORMAN AVENUE, ELKINS,WV,26241,775773,1,38.92424794,-79.85369747,West Virginia,90,Randolph,West VirginiaRandolph County,16.7,1503,34
DLP CONEMAUGH MEMORIAL MEDICAL CENTER LLC,1086 FRANKLIN ST, JOHNSTOWN,PA,15905,794913,1,40.30332919,-78.94310179,Pennsylvania,260,Cambria,PennsylvaniaCambria County,22.4,5824,132
RRH- UNITY HOSPITAL,1555 LONG POND RD, ROCHESTER,NY,14626,776269,1,43.21547937,-77.70642157,New York,283,Monroe,New YorkMonroe County,39.3,11121.9,252
JOHN B AMOS CANCER CENTER PIEDMONT COLUMBUS REGIONAL MIDTOWN,1831 5TH AVENUE JBACC RADIATION ONCOLOGY, COLUMBUS,GA,31904,791241,1,32.52539645,-84.97826832,Georgia,372,Muscogee,GeorgiaMuscogee County,20.5,7626,172
GREENVILLE MEMORIAL HOSPITAL,701 GROVE RD NUC MED DEPT FACILITY CODE 10108 7121, GREENVILLE,SC,29605,806525,1,34.79387344,-82.38751358,South Carolina,712,Greenville,South CarolinaGreenville County,26.8,19081.600000000002,432
ANMED NORTH CAMPUS,2000 EAST GREENVILLE STREET, ANDERSON,SC,29621,795432,1,34.53283695,-82.62723217,South Carolina,30,Anderson,South CarolinaAnderson County,26.6,798,18
UPMC ALTOONA,620 HOWARD AVE STE OP146 FL OP1, ALTOONA,PA,16601-4804,792915,2,40.52476664,-78.40713387,Pennsylvania,315,Blair,PennsylvaniaBlair County,27.6,17388,393
SPARTANBURG REGIONAL MEDICAL CENTER,101 E WOOD ST, SPARTANBURG,SC,29303,765400,1,34.98820231,-81.96126603,South Carolina,626,Spartanburg,South CarolinaSpartanburg County,29.4,18404.399999999998,416
CATAWBA VALLEY MEDICAL CENTER,810 FAIRGROVE CHURCH RD SE NUC MED, HICKORY,NC,28602,793081,1,35.69311311,-81.3645347,North Carolina,200,Catawba,North CarolinaCatawba County,21.8,4360,99
NOVANT HEALTH FORSYTH MEDICAL CENTER,3333 SILAS CREEK PARKWAY, WINSTON-SALEM,NC,27103,775916,1,36.06242997,-80.31062458,North Carolina,906,Forsyth,North CarolinaForsyth County,28.7,26002.2,588
ATRIUM HEALTH WAKE FOREST BAPTIST MEDICAL CENTER,MEDICAL CENTER BOULEVARD, WINSTON-SALEM,NC,27157,775919,5,36.09070946,-80.27006466,North Carolina,813,Forsyth,North CarolinaForsyth County,28.7,116665.5,2639
UPMC WILLIAMSPORT,700 HIGH STREET NUCLEAR MEDICINE DEPARTMENT, WILLIAMSPORT,PA,17701-3100,793092,2,41.25227315,-77.01771436,Pennsylvania,227,Lycoming,PennsylvaniaLycoming County,21.7,9851.8,223
CENTRA HEALTH,1901 TATE SPRINGS RD, LYNCHBURG,VA,24501,774339,1,37.38900739,-79.17200028,Virginia,452,Lynchburg City,VirginiaLynchburg City County,23.6,10667.2,241
NOVANT HEALTH PRESBYTERIAN MEDICAL CENTER,200 HAWTHORNE LANE, CHARLOTTE,NC,28204,805715,1,35.21369018,-80.82477599,North Carolina,580,Mecklenburg,North CarolinaMecklenburg County,28.3,16414,371
SAMARITAN MEDICAL CENTER,830 WASHINGTON STREET, WATERTOWN,NY,13601,775581,1,43.97518527,-75.90841275,New York,165,Jefferson,New YorkJefferson County,26.7,4405.5,100
UPSTATE MEDICAL UNIVERSITY,750 EAST ADAMS STREET, SYRACUSE,NY,13210,776273,1,43.03443999,-76.12664138,New York,645,Onondaga,New YorkOnondaga County,21,13545,306
RADIATION ONCOLOGY CENTERS OF THE CAROLINAS-MATTHEWS,1400 MATTHEWS TOWNSHIP PARKWAY, MATTHEWS,NC,28105,805901,1,35.12255083,-80.71775109,North Carolina,157,Mecklenburg,North CarolinaMecklenburg County,28.3,4443.1,101
PHOEBE PUTNEY MEMORIAL HOSPITAL INC.,417 W. THIRD AVE, ALBANY,GA,31701,798793,1,31.5736307,-84.16066418,Georgia,360,Dougherty,GeorgiaDougherty County,26.6,9576,217
WELLSTAR MCG HEALTH,1120 15TH STREET, AUGUSTA,GA,30912,791666,1,33.47156306,-81.98784115,Georgia,498,Richmond,GeorgiaRichmond County,28.7,14292.6,323
PENN STATE HERSHEY MEDICAL CENTER,500 UNIVERSITY DR, HERSHEY,PA,17033,791519,2,40.27420902,-76.64946464,Pennsylvania,629,Dauphin,PennsylvaniaDauphin County,22.3,28053.4,635
INOVA SCHAR CANCER INSTITUTE,8081 INNOVATION PARK DRIVE, FAIRFAX,VA,22031,774343,1,38.86166279,-77.26345744,Virginia,174,Fairfax,VirginiaFairfax County,23.6,4106.400000000001,93
MARY WASHINGTON HOSPITAL,1001 SAM PERRY BOULEVARD, FREDERICKSBURG,VA,22401,774340,1,38.29898516,-77.47972219,Virginia,414,Spotsylvania,VirginiaSpotsylvania County,23.6,9770.400000000001,221
VIRGINIA HOSPITAL CENTER ARLINGTON HEALTH SYSTEM,1701 NORTH GEORGE MASON DRIVE, ARLINGTON,VA,22205,775637,1,38.88347673,-77.13930215,Virginia,385,Arlington,VirginiaArlington County,23.6,9086,206
EDWARDS CENTER @ COLQUITT REGIONAL MEDICAL CENTER,3131 SOUTH MAIN ST, MOULTRIE,GA,31768,764810,1,31.17584685,-83.80277095,Georgia,100,Colquitt,GeorgiaColquitt County,21.2,2120,48
UNC MEDICAL CENTER,101 MANNING DRIVE, CHAPEL HILL,NC,27514,792692,5,35.94491434,-79.03830677,North Carolina,809,Orange,North CarolinaOrange County,34.7,140361.5,3175
DUKE UNIVERSITY HEALTH SYSTEM,200 TRENT DRIVE, DURHAM,NC,27710,805713,5,36.00417634,-78.93626153,North Carolina,1079,Durham,North CarolinaDurham County,31.9,172100.5,3893
PENN MEDICINE LANCASTER GENERAL HEALTH,555 NORTH DUKE STREET, LANCASTER,PA,17602,801294,2,40.03291918,-76.2753577,Pennsylvania,620,Lancaster,PennsylvaniaLancaster County,23.4,29016,656
UNIVERSITY OF MARYLAND MEDICAL CENTER,22 S. GREENE STREET, BALTIMORE,MD,21202,795858,5,39.29825578,-76.60866548,Maryland,762,Baltimore City,MarylandBaltimore City County,23.6,89916,2034
JOHNS HOPKINS HOSPITAL,601 N. CAROLINE STREET, BALTIMORE,MD,21287,792343,5,39.29687894,-76.59302414,Maryland,1042,Baltimore City,MarylandBaltimore City County,23.6,122956.00000000001,2781
MEDSTAR FRANKLIN SQUARE RADIATION ONCOLOGY CENTER,WHITESQUARE BLDG 9105 FRANKLIN SQ DR STE 100 FL 1, BALTIMORE,MD,21237-5333,795718,1,39.34380837,-76.49278247,Maryland,357,Baltimore,MarylandBaltimore County,22.5,8032.5,182
THE MARY IMOGENE BASSETT HOSPITAL (DBA) BASSETT MEDICAL CENTER,1 ATWELL RD, COOPERSTOWN,NY,13326,780048,1,42.70454312,-74.92455965,New York,160,Otsego,New YorkOtsego County,26.1,4176,94
ANNE ARUNDEL UROLOGY PA,600 RIDGLEY AVENUE SUITE 130, ANNAPOLIS,MD,21401,794171,1,38.98244465,-76.53431269,Maryland,400,Anne Arundel,MarylandAnne Arundel County,20.1,8040.000000000001,182
SGMC PEARLMAN CANCER CENTER,2501 N. PATTERSON STREET, VALDOSTA,GA,31602,764811,1,30.8708106,-83.30370908,Georgia,261,Lowndes,GeorgiaLowndes County,21.1,5507.1,125
LEHIGH VALLEY HEALTH NETWORK,1200 SOUTH CEDAR CREST BLVD, ALLENTOWN,PA,18103,787641,1,40.57693988,-75.47494619,Pennsylvania,1216,Lehigh,PennsylvaniaLehigh County,26.1,31737.600000000002,718
MCLEOD RADIATION ONCOLOGY,MCLEOD CANCER CTR BLDG 1 555 E CHEVES ST PET/CT FL 1, FLORENCE,SC,29506,770588,1,34.20111443,-79.70858474,South Carolina,524,Florence,South CarolinaFlorence County,15.4,8069.6,183
CAPE FEAR VALLEY MEDICAL CENTER - ONCOLOGY CENTER,1638 OWEN DR ONC DEPT, FAYETTEVILLE,NC,28304,765551,1,35.02666041,-78.9739343,North Carolina,675,Cumberland,North CarolinaCumberland County,22.4,15119.999999999998,342
ST LUKE'S UNIVERSITY HEALTH NETWORK,1872 ST LUKE'S BLVD, EASTON,PA,18045,785733,2,40.68440193,-75.26654853,Pennsylvania,183,Northampton,PennsylvaniaNorthampton County,23.8,8710.800000000001,197
CHESTER COUNTY HOSPITAL,701 EAST MARSHALL STREET, WEST CHESTER,PA,19380,792446,1,39.98752028,-75.59339761,Pennsylvania,309,Chester,PennsylvaniaChester County,22.1,6828.900000000001,154
SOUTHEASTERN REGIONAL MEDICAL CENTER DBA - UNC HEALTH SOUTHEASTERN,1200 PINE RUN DRIVE, LUMBERTON,NC,28358,792894,2,34.62053197,-78.97938518,North Carolina,186,Robeson,North CarolinaRobeson County,20.9,7774.799999999999,176
UNIVERSITY OF PENNSYLVANIA HEALTH SYSTEM,3400 CIVIC CENTER BLVD, PHILADELPHIA,PA,19104,792705,5,39.9598651,-75.20180096,Pennsylvania,1011,Philadelphia,PennsylvaniaPhiladelphia County,32.2,162771,3682
THOMAS JEFFERSON UNIVERSITY HOSPITIAL DEPT OF RADIATION ONCOLOGY,111 S. 11TH STREET BODINE BUILDING, PHILADELPHIA,PA,19107,792921,5,39.94943805,-75.15913608,Pennsylvania,866,Philadelphia,PennsylvaniaPhiladelphia County,32.2,139426,3154
MD ANDERSON- COOPER UNIVERSITY HOSPITAL,2 COOPER PLAZA; 400 HADDON AVENUE, CAMDEN,NJ,08103,791733,2,39.94180646,-75.11707402,New Jersey,578,U.S.A.,New JerseyU.S.A. County,23.6,27281.600000000002,617
BAYHEALTH MEDICAL CENTER KENT CAMPUS,640 SOUTH STATE STREET, DOVER,DE,19901,801128,1,39.153855,-75.51383847,Delaware,279,Kent,DelawareKent County,18.2,5077.8,115
MEMORIAL UNIVERSITY SAVANNAH RADIATION ONCOLOGY,4700 WATERS AVE ANDERSON CANCER CENTER, SAVANNAH,GA,31404,806447,2,32.0454255,-81.06801948,Georgia,594,Chatham,GeorgiaChatham County,20.3,24116.4,546
GLENS FALLS HOSPITAL,100 PARK ST, GLENS FALLS,NY,12801,774938,1,43.31221074,-73.64810658,New York,391,Warren,New YorkWarren County,27.9,10908.9,247
TRIDENT CANCER CENTER,9330 MED PLAZA DR FL 1, CHARLESTON,SC,29406-9104,807173,1,32.93536883,-80.0395195,South Carolina,368,Dorchester,South CarolinaDorchester County,17.7,6513.599999999999,147
CAPITAL HEALTH,ONE CAPITAL WAY, PENNINGTON,NJ,08534,776260,1,40.31831007,-74.78173266,New Jersey,203,Mercer,New JerseyMercer County,21.5,4364.5,99
UNIVERSITY OF VERMONT,111 COLCHESTER AVE NUC MED, BURLINGTON,VT,05401,807296,2,44.47594139,-73.20989817,Vermont,448,Chittenden,VermontChittenden County,36.8,32972.799999999996,746
ALBANY MEDICAL CENTER,43 NEW SCOTLAND AVE, ALBANY,NY,12208,798184,1,42.65616614,-73.79732716,New York,719,Albany,New YorkAlbany County,29.2,20994.8,475
MORRISTOWN MEDICAL CENTER,NUC MED FL D 100 MADISON AVE KAHN BLDG, MORRISTOWN,NJ,07960-6136,776259,1,40.79464102,-74.48372456,New Jersey,712,Morris,New JerseyMorris County,23,16376,370
ROPER ST. FRANCIS,W ASHLEY CANCER CTR STE 105 FL 1 2085 HENRY TECKLENBURG DR, CHARLESTON,SC,29414-7710,779291,1,32.82204559,-80.06437796,South Carolina,186,Charleston,South CarolinaCharleston County,25.1,4668.6,106
INSPIRA HEALTH - FRANK & EDITH SCARPA CANCER CENTER PAVILION,1505 W SHERMAN AVENUE - SCARPA PAVILION, VINELAND,NJ,08360,775238,1,39.48898435,-75.01834348,New Jersey,280,Cumberland,New JerseyCumberland County,23,6440,146
MUSC HEALTH UNIVERSITY MEDICAL CENTER,169 ASHLEY AVENUE SUITE NO. 327 -REGISTRATION FLOOR NO. 3 RD, CHARLESTON,SC,29425,792148,5,32.78520387,-79.94721733,South Carolina,932,Charleston,South CarolinaCharleston County,25.1,116966,2646
OVERLOOK MEDICAL CENTER,99 BEAUVOIR AVENUE, SUMMIT,NJ,07901,776033,1,40.71528789,-74.36413822,New Jersey,442,Union,New JerseyUnion County,24.3,10740.6,243
ROBERT WOOD JOHNSON UNIVERSITY HOSPITAL,1 ROBERT WOOD JOHNSON PL, NEW BRUNSWICK,NJ,08901,775088,2,40.48866394,-74.44779553,New Jersey,630,Middlesex,New JerseyMiddlesex County,22.4,28224,638
COOPERMAN BARNABAS MEDICAL CENTER,94 OLD SHORT HILLS RD, LIVINGSTON,NJ,07039,775423,1,40.78971442,-74.32102522,New Jersey,597,Essex,New JerseyEssex County,24.7,14745.9,334
SENTARA CAREPLEX RADIATION THERAPY,RAD ONC BLDG STE 100 FL 1 3000 COLISEUM DR, HAMPTON,VA,23666-5963,775648,1,37.05102571,-76.40771382,Virginia,169,Hampton City,VirginiaHampton City County,23.6,3988.4,90
ST. JOSEPH'S UNIVERSITY MEDICAL CENTER,703 MAIN STREET, PATERSON,NJ,07726,775086,2,40.2978517,-74.33333558,New Jersey,681,Passaic,New JerseyPassaic County,19.7,26831.399999999998,607
HACKENSACK MERIDIAN MOUNTAINSIDE MEDICAL CENTER,1 BAY AVE, MONTCLAIR,NJ,07042,776034,1,40.81290386,-74.21593267,New Jersey,193,Essex,New JerseyEssex County,24.7,4767.099999999999,108
THE VALLEY HOSPITAL,223 NORTH VAN DIEN AVENUE, RIDGEWOOD,NJ,07450,773208,1,40.98182091,-74.11281061,New Jersey,385,Bergen,New JerseyBergen County,19.6,7546.000000000001,171
NYP HUDSON VALLEY HOSPITAL,1980 CROMPOND ROAD, CORTLANDT MANOR,NY,10567,802399,1,41.29603301,-73.88617552,New York,128,Westchester,New YorkWestchester County,26.6,3404.8,77
JOHN THEURER CANCER CENTER OF HUMC,92 SECOND STREET, HACKENSACK,NJ,07601,797295,2,40.88933861,-74.05051446,New Jersey,769,Bergen,New JerseyBergen County,19.6,30144.800000000003,682
NEW YORK PRESBYTERIAN HOSPITAL/ WEILL CORNELL,525 EAST 68TH STREET - STARR PAVILION 2ND FLOOR, NEW YORK,NY,10065,801886,2,40.76399416,-73.96225419,New York,2850,New York,New YorkNew York County,30.7,174990,3958
SENTARA NORFOLK GENERAL HOSPITAL,600 GRESHAM DR RAD ONC DEPT, NORFOLK,VA,23507-1904,775628,1,36.86333552,-76.29953649,Virginia,472,Norfolk City,VirginiaNorfolk City County,23.6,11139.2,252
PHELPS MEMORIAL HOSPITAL CENTER,701 N BROADWAY, SLEEPY HOLLOW,NY,10567,776275,1,41.29603301,-73.88617552,New York,111,Westchester,New YorkWestchester County,26.6,2952.6000000000004,67
MOUNT SINAI HOSPITAL,1190 FIFTH AVE MC LEVEL ROOM 175, NEW YORK,NY,10029,774757,5,40.79218209,-73.94449021,New York,1052,New York,New YorkNew York County,30.7,161482,3653
NYU LANGONE HEALTH,560 FIRST AVENUE;DIVISION OF NUCLEAR MEDICINE TISCH BUILDING 2ND FLOOR, NEW YORK,NY,10016,797103,5,40.74537067,-73.97845095,New York,1609,New York,New YorkNew York County,30.7,246981.5,5587
MEMORIAL SLOAN KETTERING CANCER CENTER,1250 1ST AVENUE, NEW YORK,NY,10065,775907,5,40.76399416,-73.96225419,New York,514,New York,New YorkNew York County,30.7,78899,1785
MONTEFIORE MEDICAL CENTER (MOSES CAMPUS),NUCLEAR MEDICINE/FOREMAN 4 111 EAST 210 STREET, BRONX,NY,10467,775093,5,40.87330712,-73.87148016,New York,1444,Bronx,New YorkBronx County,31,223820,5063
NUCLEAR MEDICINE CENTER AT MONTEFIORE MEDICAL PARK,1695A EASTCHESTER RD, BRONX,NY,10461,775093,1,40.84663805,-73.83987203,New York,1444,Bronx,New YorkBronx County,31,44764,1013
MONMOUTH MEDICAL CENTER SOUTHERN CAMPUS,MONMOUTH SOUTHERN CAMPUS GRD FL 600 RIVER AVE, LAKEWOOD,NJ,08701-5237,773589,1,40.07435764,-74.20441249,New Jersey,201,Ocean,New JerseyOcean County,18.9,3798.8999999999996,86
HMH HOSPITAL CORPORATION RIVERVIEW MEDICAL CENTER,NUCLEAR MEDICINE/IMAGING HOT LAB 1 RIVERVIEW PLAZA, RED BANK,NJ,07701,803471,1,40.35307146,-74.07847239,New Jersey,267,Monmouth,New JerseyMonmouth County,23.3,6221.1,141
COMMUNITY MEDICAL CENTER,99 RT 37 WEST, TOMS RIVER,NJ,08755,774033,1,40.01704904,-74.22484873,New Jersey,410,Ocean,New JerseyOcean County,18.9,7748.999999999999,175
NEW YORK PRESBYTERIAN QUEENS,5645 MAIN STREET, FLUSHING,NY,11355,802087,2,40.75441267,-73.82310711,New York,476,Queens,New YorkQueens County,20.6,19611.2,444
OCEAN UNIVERSITY MEDICAL CENTER,425 JACK MARTIN BOULEVARD, BRICK,NJ,08724,804555,2,40.08842081,-74.11655242,New Jersey,313,Ocean,New JerseyOcean County,18.9,11831.4,268
MONMOUTH MEDICAL CENTER LONG BRANCH NJ 07740,300 2ND AVENUE, LONG BRANCH,NJ,07740-6303,773856,1,40.29857094,-73.99019823,New Jersey,235,Ocean,New JerseyOcean County,18.9,4441.5,100
NSUH,300 COMMUNITY DRIVE, MANHASSET,NY,11030,801493,2,40.79587263,-73.68806353,New York,782,Nassau,New YorkNassau County,21.7,33938.799999999996,768
NOVANT HEALTH NEW HANOVER REGIONAL MEDICAL CENTER LLC,2243 SOUTH 17TH STREET, WILMINGTON,NC,28401-7542,776282,1,34.22701235,-77.93750268,North Carolina,771,New Hanover,North CarolinaNew Hanover County,23.1,17810.100000000002,403
CANCER INSTITUTE AT MERCY HOSPITAL,1000 NORTH VILLAGE AVE BLDG BISHOP MCGANN IMAGING CTR NCLR DEPT FL 1, ROCKVILLE CENTRE,NY,11570-1000,778084,1,40.6632344,-73.63896879,New York,152,Nassau,New YorkNassau County,21.7,3298.4,75
SHANDS JACKSONVILLE MEDICAL CENTER D/B/A UF HEALTH JACKSONVILLE,NUC MEDICINE 655 W 8TH ST, JACKSONVILLE,FL,32209-6511,794319,2,30.35930053,-81.69294081,Florida,462,Duval,FloridaDuval County,20.8,19219.2,435
DARTMOUTH HITCHCOCK MEDICAL CENTER,1 MEDICAL CENTER DRIVE, LEBANON,NH,03756,803684,5,43.67540586,-72.27140239,New Hampshire,476,Grafton,New HampshireGrafton County,33.7,80206,1814
GRIFFIN HOSPITAL,130 DIVISION STREET, DERBY,CT,06418,763314,1,41.32321111,-73.07972921,Connecticut,101,New Haven,ConnecticutNew Haven County,29.2,2949.2,67
MAYO CLINIC FLORIDA,4500 SAN PABLO RD, JACKSONVILLE,FL,32224,775683,5,30.28085336,-81.46729086,Florida,307,Duval,FloridaDuval County,20.8,31928,722
GOOD SAMARITAN UNIVERSITY HOSPITAL,1000 MONTAUK HWY, WEST ISLIP,NY,11795,778085,2,40.71080878,-73.29855831,New York,437,Suffolk,New YorkSuffolk County,27.7,24209.8,548
UNIVERSITY OF CONNECTICUT HEALTH CENTER,263 FARMINGTON AVENUE, FARMINGTON,CT,06030,793196,2,41.73152483,-72.79113002,Connecticut,165,Hartford,ConnecticutHartford County,27.3,9009,204
BAYSTATE HEALTH,759 CHESTNUT STREET, SPRINGFIELD,MA,01085,767986,1,42.12766867,-72.74934144,Massachusetts,740,Hampden,MassachusettsHampden County,24.7,18278,413
YALE NEW HAVEN HOSPITAL,20 YORK STREET, NEW HAVEN,CT,06510,795322,5,41.30625289,-72.92532107,Connecticut,1340,New Haven,ConnecticutNew Haven County,29.2,195640,4425
HARTFORD HOSPITAL,RADIATION ONCOLOGY 80 SEYMOUR STREET, HARTFORD,CT,06102,800359,1,41.75251757,-72.68016798,Connecticut,723,Hartford,ConnecticutHartford County,27.3,19737.9,446
UMASS MEMORIAL MEDICAL CENTER,55 LAKE AVENUE N, WORCESTER,MA,01655,765713,2,42.27775078,-71.76132457,Massachusetts,692,Worcester,MassachusettsWorcester County,28.3,39167.200000000004,886
ADVENTHEALTH DAYTONA BEACH HOSPITAL CANCER INSTITUTE,224 MEMORIAL MEDICAL PARKWAY, DAYTONA BEACH,FL,32117,774379,1,29.23629255,-81.05558968,Florida,330,Volusia,FloridaVolusia County,16.4,5411.999999999999,122
HALIFAX HEALTH-CANCER CENTER FOR HOPE,303 N CLYDE MORRIS BLVD, DAYTONA BEACH,FL,32114,786188,1,29.19948506,-81.04037838,Florida,533,Volusia,FloridaVolusia County,16.4,8741.199999999999,198
MOFFITT THERANOSTICS CENTER,RADIONUCLIDE THERAPY 12902 MAGNOLIA DRIVE, TAMPA,FL,33612,793807,5,28.0510395,-82.45036104,Florida,314,Hillsborough,FloridaHillsborough County,18.7,29359,664
DANA-FARBER CANCER INSTITUTE,450 BROOKLINE AVE, BOSTON,MA,02215,766895,5,42.34605659,-71.1000445,Massachusetts,30,Suffolk,MassachusettsSuffolk County,29.4,4410,100
MASSACHUSETTS GENERAL HOSPITAL,55 FRUIT ST, BOSTON,MA,02114,799884,2,42.36195087,-71.06633793,Massachusetts,997,Suffolk,MassachusettsSuffolk County,29.4,58623.6,1326
BOSTON MEDICAL CENTER,840 HARRISON AVE, BOSTON,MA,02118,766300,1,42.33979894,-71.07476606,Massachusetts,442,Suffolk,MassachusettsSuffolk County,29.4,12994.8,294
TUFTS MEDICAL CENTER,800 WASHINGTON STREET NUCLEAR MEDICINE PROGER 4, BOSTON,MA,02111,765197,2,42.35205294,-71.06144273,Massachusetts,364,Suffolk,MassachusettsSuffolk County,29.4,21403.2,484
TAMPA GENERAL HOSPITAL,1 TAMPA GENERAL CIR SUITE NO. TAMPA GENERAL CANCER INSTITUTE, TAMPA,FL,33606,766415,1,27.9347516,-82.46942675,Florida,1017,Hillsborough,FloridaHillsborough County,18.7,19017.899999999998,430
ORLANDO HEALTH BAYFRONT HOSPITAL,701 6TH ST. S MAIN HOSP BLDG FL 1, ST. PETERSBURG,FL,33701-4814,766627,1,27.77401249,-82.63662788,Florida,262,Pinellas,FloridaPinellas County,15.5,4061,92
SIGNATURE HEALTHCARE BROCKTON HOSPITAL,680 CENTRE STREET, BROCKTON,MA,02302,765195,1,42.08873419,-71.00166941,Massachusetts,175,Plymouth,MassachusettsPlymouth County,27,4725,107
MAINEHEALTH MAINE MEDICAL CENTER,22 BRAMHALL STREET, PORTLAND,ME,04102,766073,1,43.65972884,-70.28859762,Maine,679,Cumberland,MaineCumberland County,18.7,12697.3,287
SARASOTA MEMORIAL HEALTHCARE,1700 S. TAMIAMI TRAIL, SARASOTA,FL,34239,764698,1,27.31095898,-82.51798169,Florida,786,Sarasota,FloridaSarasota County,22.9,17999.399999999998,407
CAPE COD HOSPITAL,NUC MED FL 1 27 PARK ST, HYANNIS,MA,02601-5230,765191,1,41.65331525,-70.29896283,Massachusetts,239,Barnstable,MassachusettsBarnstable County,28.1,6715.900000000001,152
FLORIDA CANCER SPECIALISTS & RESEARCH INSTITUTE - GOOD SAMARITAN FLAGLER,1309 N FLAGLER DR, WEST PALM BEACH,FL,33401-3406,787703,1,26.71528678,-80.06791734,Florida,333,Palm Beach,FloridaPalm Beach County,17.6,5860.8,133
BOCA RATON REGIONAL HOSPITAL INC,LYNN CANCER INSTITUTE NUC MED DEPT 701 NW 13 ST, BOCA RATON,FL,33486,766632,1,26.34978542,-80.11456093,Florida,361,Palm Beach,FloridaPalm Beach County,17.6,6353.6,144
UNIVERSITY OF MIAMI HOSPITAL AND CLINICS / SYLVESTER COMPREHENSIVE CANCER CENTER,1475 N.W. 12TH AVENUE, MIAMI,FL,33136,788310,5,25.78500297,-80.20196507,Florida,538,Miami-Dade,FloridaMiami-Dade County,23.5,63215,1430
MIAMI CANCER INSTITUTE,8900 N. KENDALL DRIVE, MIAMI,FL,33176,798027,1,25.66121519,-80.36269164,Florida,672,Miami-Dade,FloridaMiami-Dade County,23.5,15792,357
ROCKY MOUNTAIN CANCER CENTERS LLC - BOULDER,4715 ARAPHOE AVE FL 1, BOULDER,CO,80303-1385,795451,1,40.00132422,-105.2338781,Colorado,139,,,26.7,3711.2999999999997,84
ROCKY MOUNTAIN CANCER CENTER,1800 WILLIAMS STREET, DENVER,CO,80218,,1,39.73342407,-104.9722672,Colorado,360,,,26.7,9612,217
INTERMOUNTAIN HEALTH CANCER CENTERS OF COLORADO LUTHERAN MEDICAL CENTER RADIATION ONCOLOGY,400 INDIANA STREET SUITE 220, GOLDEN,CO,80401,,1,39.73085393,-105.1940526,Colorado,360,,,26.7,9612,217
COLORADO UROLOGY,5275 DTC PARKWAY, GREENWOOD VILLAGE,CO,80111,,1,39.60974738,-104.881837,Colorado,360,,,26.7,9612,217
KAISER PERMANENTE LONE TREE,10240 PARK MEADOWS DR, LONE TREE,CO,80124,,1,39.54207138,-104.8891568,Colorado,360,,,26.7,9612,217
JUNE E NYLEN CANCER CENTER,230 NEBRASKA ST, SIOUX CITY,IA,51101,,1,42.49548624,-96.40194441,Iowa,360,,,33.82,12175.2,275
TETON CANCER INSTITUTE,1550 HOOPES AVE, IDAHO FALLS,ID,83404,,1,43.47007107,-112.011831,Idaho,360,,,29.34,10562.4,239
XCANCER,17607 GOLD PLZ, OMAHA,NE,68130-5606,,1,41.23584176,-96.18944097,Nebraska,360,,,27.54,9914.4,224
NEBRASKA UROLOGY,5500 PINE LAKE RD, LINCOLN,NE,68516,,1,40.74998867,-96.65177501,Nebraska,360,,,27.54,9914.4,224
NEBRASKA CANCER SPECIALISTS - OMAHA,17201 WRIGHT STREET SUITE 203, OMAHA,NE,68130,,1,41.23584176,-96.18944097,Nebraska,360,,,27.54,9914.4,224
CANCER PARTNERS OF NEBRASKA P.C.,4101 TIGER LILY RD STE 100, LINCOLN,NE,68516,,1,40.74998867,-96.65177501,Nebraska,360,,,27.54,9914.4,224
UROHEALTH PARTNERS,105 SOUTH 90TH STREET, OMAHA,NE,68114,,1,41.26498569,-96.05242621,Nebraska,360,,,27.54,9914.4,224
NEBRASKA MEDICINE,4400 EMILE ST, OMAHA,NE,68198,,5,41.25538055,-95.97889163,Nebraska,360,,,27.54,49572,1121
CENTRACARE HEALTH,1900 CENTRACARE CIRCLE, ST.CLOUD,MN,56304,,1,45.54969619,-94.12531946,Minnesota,360,,,23.6,8496,192
UTAH CANCER SPECIALISTS,3838 SOUTH 700 EAST SUITE 100, SALT LAKE CITY,UT,84106,,1,40.70576404,-111.8572604,Utah,360,,,30.34,10922.4,247
REVERE HEALTH,1055 N 500 W SUITE 102, PROVO,UT,84604,,1,40.26585915,-111.6573055,Utah,360,,,30.34,10922.4,247
MINNESOTA ONCOLOGY & HEMATOLOGY MAPLE GROVE,10150 NIAGARA LN N SUITE 100, MAPLE GROVE,MN,55369,,1,45.11382467,-93.43256511,Minnesota,360,,,23.6,8496,192
MINNESOTA UROLOGY,7500 FRANCE AVE S, EDINA,MN,55435-3400,,1,44.87377483,-93.32857668,Minnesota,360,,,23.6,8496,192
ALLINA HEALTH CANCER INSTITUTE - RADIATION ONCOLOGY MINNEAPOLIS,800 EAST 28TH STREET, MINNEAPOLIS,MN,55407,,1,44.93805085,-93.2548117,Minnesota,360,,,23.6,8496,192
MHEALTH FAIRVIEW UNIVERSITY OF MINNESOTA MEDICAL CENTER,500 HARVARD ST SE, MINNEAPOLIS,MN,55455,,5,44.97071,-93.2383135,Minnesota,360,,,23.6,42480,961
ALLINA HEALTH CANCER INSTITUTE - RADIATION ONCOLOGY ST. PAUL,310 NORTH SMITH AVENUE, SAINT PAUL,MN,55102,,1,44.93811491,-93.11851279,Minnesota,360,,,23.6,8496,192
REGIONS HOSPITAL,640 JACKSON ST FL 1, ST. PAUL,MN,55101-2502,,1,44.94903796,-93.09051228,Minnesota,360,,,23.6,8496,192
MC FARLAND CLINIC,1215 DUFF AVE, AMES,IA,50010,,1,42.03602503,-93.62207467,Iowa,360,,,33.82,12175.2,275
MISSION CANCER + BLOOD PART OF UNIVERSITY OF IOWA HEALTH CARE,2565 SE ENCOMPASS DR STE 100, WAUKEE,IA,50263-1299,,2,41.6013407,-93.86295796,Iowa,360,,,33.82,24350.4,551
UROLOGY CENTER OF IOWA PLLC,13375 UNIVERSITY AVE STE 100, CLIVE,IA,50325-8262,,1,41.60885666,-93.77869508,Iowa,360,,,33.82,12175.2,275
UNITY POINT HEALTH DES MOINES-JOHN STODDARD CANCER CENTER,1221 PLEASANT STREET SUITE A100, DES MOINES,IA,50309,,1,41.58717051,-93.62308688,Iowa,360,,,33.82,12175.2,275
LOGAN HEALTH KALISPELL,310 SUNNYVIEW LANE, KALISPELL,MT,59901,776753,1,48.20952446,-114.3038398,Montana,210,,,32.15,6751.5,153
MOSAIC LIFE CARE,5325 FARAON STREET NUCLEAR MEDICINE DEPT, SAINT JOSEPH,MO,64506-3488,,1,39.78968906,-94.80322775,Missouri,360,,,23.64,8510.4,193
WICHITA UROLOGY GROUP PA,2077 N WEBB RD, WICHITA,KS,67206,,1,37.70480373,-97.23614963,Kansas,360,,,23.6,8496,192
THE UNIVERSITY OF KANSAS CANCER CENTER,2650 SHAWNEE MISSION PARKWAY, FAIRWAY,KS,66205,,2,39.03185275,-94.63197714,Kansas,360,,,23.6,16992,384
RESEARCH MEDICAL CENTER,2316 EAST MEYER BLVD, KANSAS CITY,MO,64132,799147,1,38.98981078,-94.55179997,Missouri,306,,,23.64,7233.84,164
ST. LUKE'S MERIDIAN CAMPUS,ST LUKE'S REGIONAL MED CT 520 S EAGLE RD GRD F, MERIDIAN,ID,83642,,1,43.59424631,-116.3911575,Idaho,360,,,29.34,10562.4,239
IDAHO UROLOGIC INSTITUTE,2855 E MAGIC VIEW DRIVE, BOISE,ID,83642,,1,43.59424631,-116.3911575,Idaho,360,,,29.34,10562.4,239
ST. LUKE'S NAMPA MEDICAL CENTER,9850 W ST. LUKE'S DR, NAMPA,ID,83687,764502,1,43.60002278,-116.5416091,Idaho,87,,,29.34,2552.58,58
PHYSICIANS' CLINIC OF IOWA,202 10TH ST SE, CEDAR RAPIDS,IA,52403,,1,41.98620621,-91.62275845,Iowa,360,,,33.82,12175.2,275
PANHANDLE CANCER CARE CENTER,1655 POINT WEST PKWY, AMARILLO,TX,79124,,1,35.23216097,-101.9236371,Texas,360,,,21.9,7883.999999999999,178
TEXAS ONCOLOGY AMARILLO CANCER CENTER,1826 POINT WEST PKWY, AMARILLO,TX,79124,,1,35.23216097,-101.9236371,Texas,360,,,21.9,7883.999999999999,178
IOWA CITY VAMC,601 HIGHWAY 6 WEST, IOWA CITY,IA,52246,,1,41.64920126,-91.56396444,Iowa,360,,,33.82,12175.2,275
NEW MEXICO HEMATOLOGY ONCOLOGY CONSULTANTS,4901 LANG AVE, ALBUQUERQUE,NM,87109,,1,35.14900498,-106.5705522,New Mexico,360,,,17.92,6451.200000000001,146
SUMMIT CANCER CENTERS,13424 EAST MISSION AVE, SPOKANE VALLEY,WA,99216,,1,47.66598192,-117.2212201,Washington,360,,,27.26,9813.6,222
MARSHFIELD MEDICAL CENTER MARSHFIELD CLINIC HEALTH SYSTEM,611 ST. JOSEPH AVENUE ATTN. NUCLEAR MEDICINE, MARSHFIELD,WI,54449,775516,1,44.65659368,-90.1778097,Wisconsin,215,,,31.83,6843.45,155
SUMMIT CANCER CARE,13424 E MISSION AVE RAD DEPT, SPOKANE,WA,99216,,1,47.66598192,-117.2212201,Washington,360,,,27.26,9813.6,222
INLAND IMAGING,5715 N LIDGERWOOD ST, SPOKANE,WA,99208,,1,47.73628485,-117.429108,Washington,360,,,27.26,9813.6,222
INTEGRIS CANCER INSTITUTE,5911 W MEMORIAL RD FL 1, OKLAHOMA CITY,OK,73142-2015,,1,35.60169877,-97.62979399,Oklahoma,360,,,18.31,6591.599999999999,149
OKLAHOMA PROTON CENTER,5901 WEST MEMORIAL ROAD, OKLAHOMA CITY,OK,73142,,1,35.60169877,-97.62979399,Oklahoma,360,,,18.31,6591.599999999999,149
OU HEALTH STEPHENSON CANCER CENTER,800 NE 10TH ST., OKLAHOMA CITY,OK,73104,785725,5,35.4755567,-97.50478432,Oklahoma,842,,,18.31,77085.09999999999,1744
MISSOURI CANCER ASSOCIATES,1705 E. BROADWAY SUITE 100, COLUMBIA,MO,65201,,1,38.93245847,-92.29717085,Missouri,360,,,23.64,8510.4,193
UROLOGIC SPECIALIST OF OK,10901 E. 48TH ST., TULSA,OK,74146,,1,36.10865847,-95.85170143,Oklahoma,360,,,18.31,6591.599999999999,149
SAINT FRANCIS CANCER CENTER,11212 EAST 48TH STREET, TULSA,OK,74146,,1,36.10865847,-95.85170143,Oklahoma,360,,,18.31,6591.599999999999,149
OKLAHOMA CANCER SPECIALISTS AND RESEARCH INSTITUTE,12697 EAST 51ST STREET SOUTH, TULSA,OK,74146,,1,36.10865847,-95.85170143,Oklahoma,360,,,18.31,6591.599999999999,149
EASTPARK MEDICAL CENTER THERANOSTICS SUITES,4621 EASTPARK BLVD, MADISON,WI,53718,,1,43.09720319,-89.27553593,Wisconsin,360,,,31.83,11458.8,259
CANCER CENTERS OF SOUTHWEST OKLAHOMA LLC,104 NW 31ST STREET, LAWTON,OK,73505,,1,34.61521273,-98.46039681,Oklahoma,360,,,18.31,6591.599999999999,149
MERCY HOSPITAL - SPRINGFIELD MO.,1235 E CHEROKEE STREET, SPRINGFIELD,MO,65804,802771,1,37.16248554,-93.2524347,Missouri,611,,,23.64,14444.04,327
COX HEALTH SYSTEM SOUTH,3801 S. NATIONAL AVE, SPRINGFIELD,MO,65807,,1,37.16536165,-93.31446793,Missouri,360,,,23.64,8510.4,193
NORTHWEST CANCER CLINIC,7379 W DESCHUTES AVE STE 100, KENNEWICK,WA,99336,,1,46.21030092,-119.1774671,Washington,360,,,27.26,9813.6,222
ASCENSION MERCY HOSPITAL,500 S OAKWOOD RD FL LL, OSHKOSH,WI,54904-7944,,1,44.02426142,-88.60507502,Wisconsin,360,,,31.83,11458.8,259
HIGHLANDS ONCOLOGY GROUP,808 S 52ND ST, ROGERS,AR,72758,,1,36.30345872,-94.15327779,Arkansas,360,,,22.65,8153.999999999999,184
JOE ARRINGTON CANCER RESEARCH AND TREATMENT CENTER,4101 22ND PL, LUBBOCK,TX,79410,,1,33.56952505,-101.8887631,Texas,360,,,21.9,7883.999999999999,178
OSF HEALTHCARE,1310 N MISSOURI AVE FL 1 CANCER INSTITUTE, PEORIA,IL,61603,,1,40.71592028,-89.58146591,Illinois,360,,,24.99,8996.4,203
AMERICAN ONCOLOGY PARTNERS PA DBA ZANGMEISTER CANCER CENTER,3100 PLAZA PROPERTIES BLVD COLUMBUS OH 43219, COLUMBUS,OH,43219,,1,40.01055121,-82.93190815,Ohio,360,,,24.89,8960.4,203
PROHEALTH CARE - PEWAUKEE,N16 W24131 RIVERWOOD DR, WAUKESHA,WI,53188,,1,43.01975479,-88.26714993,Wisconsin,360,,,31.83,11458.8,259
NORTHWESTERN MEDICINE MCHENRY HOSPITAL,4305 MEDICAL CENTER DRIVE, MCHENRY,IL,60050,,2,42.34019466,-88.28136839,Illinois,360,,,24.99,17992.8,407
SPRINGFIELD CLINIC LLP,1025 SOUTH 6TH STREET, SPRINGFIELD,IL,62703,,1,39.76922774,-89.63337081,Illinois,360,,,24.99,8996.4,203
SSM HEALTH ST. LOUIS UNIVERSITY HOSPITAL,1201 S. GRAND BLVD, ST. LOUIS,MO,63104,773849,2,38.61239247,-90.21842422,Missouri,366,,,23.64,17304.48,391
NORTHWESTERN MEDICINE CANCER CENTER WARRENVILLE,4405 WEAVER PARKWAY, WARRENVILLE,IL,60555,,2,41.82703999,-88.19176679,Illinois,360,,,24.99,17992.8,407
MULTICARE CANCER INSTITUTE NORTH STAR LODGE,NORTH STAR LODGE THERAPY 808 N 39TH AVE, YAKIMA,WA,98902-6388,,1,46.59452163,-120.5334841,Washington,360,,,27.26,9813.6,222
ARIZONA ONCOLOGY,5430 LANDMARK LN, PRESCOTT,AZ,86301-0019,,1,34.57736775,-112.4473842,Arizona,360,,,17.07,6145.2,139
DULY HEALTH AND CARE,STE 110 FL 1 430 WARRENVILLE RD, LISLE,IL,60532-1348,,1,41.78710659,-88.08711885,Illinois,360,,,24.99,8996.4,203
UROPARTNERS CANCER TREATMENT CENTER,2600 PATRIOT BLVD SUITE NO. UNIT J, GLENVIEW,IL,60026,,1,42.09051842,-87.83750236,Illinois,360,,,24.99,8996.4,203
COMPREHENSIVE CANCER CENTERS OF NEVADA,3730 SOUTH EASTERN AVE, LAS VEGAS,NV,89169,,1,36.1264825,-115.1416196,Nevada,360,,,23.6,8496,192
LOYOLA UNIVERSITY HEALTH SYSTEM,2160 S. FIRST AVE., MAYWOOD,IL,60153,792293,2,41.8790925,-87.84554425,Illinois,516,,,24.99,25789.679999999997,583
ONCOLOGY LAS VEGAS,52 N PECOS RD, HENDERSON,NV,89074,,1,36.03855361,-115.0846491,Nevada,360,,,23.6,8496,192
NEVADA THERANOSTICS,5495 SOUTH RAINBOW BLVD SUITE NO. 202, LAS VEGAS,NV,89118,,1,36.08829575,-115.2230587,Nevada,360,,,23.6,8496,192
ASSOCIATED UROLOGICAL SPECIALISTS,10400 SOUTHWEST HWY FLOOR NO. LOWER LEVEL, CHICAGO RIDGE,IL,60415,,1,41.70248615,-87.7786457,Illinois,360,,,24.99,8996.4,203
UNITED THERANOSTICS,THERANOSTICS CENTER OF EXCELLENCE 4391 E. LOHMAN AVE., LAS CRUCES,NM,88011,,1,32.32775245,-106.721654,New Mexico,360,,,17.92,6451.200000000001,146
CITY OF HOPE - CANCER CARE SCOTTSDALE,CITY OF HOPE CANCER CARE SCOTTSDALE STE 100 FL 1 20159 N SCOTTSDALE RD, SCOTTSDALE,AZ,85255-6808,,1,33.67220881,-111.8803789,Arizona,360,,,17.07,6145.2,139
ARIZONA CENTER FOR CANCER CARE,19646 N 27TH AVE STE #108, PHOENIX,AZ,85027,,1,33.66987719,-112.109504,Arizona,360,,,17.07,6145.2,139
ARIZONA PROSTATE CANCER CENTER,ARIZONA PROSTATE CANCER CENTER 7340 E THOMAS RD, SCOTTSDALE,AZ,85251-7216,,1,33.49360618,-111.9209521,Arizona,360,,,17.07,6145.2,139
BANNER MD ANDERSON CANCER CENTER,2946 E BANNER GATEWAY DR, GILBERT,AZ,85233,,2,33.34961247,-111.8081211,Arizona,360,,,17.07,12290.4,278
ARIZONA CENTER FOR CANCER CARE,3645 SOUTH ROME STREET SUITE 116, GILBERT,AZ,85297,,1,33.27574201,-111.7169596,Arizona,360,,,17.07,6145.2,139
IRONWOOD CANCER AND RESEARCH CENTERS,695 S DOBSON RD, CHANDLER,AZ,85224,,1,33.32342171,-111.8746554,Arizona,360,,,17.07,6145.2,139
PERSONALIZED RADIATION ONCOLOGY,5470 RENO CORPORATE DR, RENO,NV,89511-2250,,1,39.41886647,-119.7924723,Nevada,360,,,23.6,8496,192
ONCOLOGY NEVADA / UROLOGY NEVADA LTD,10745 DOUBLE R BLVD, RENO,NV,89521,,1,39.41925065,-119.731455,Nevada,360,,,23.6,8496,192
TEXAS ONCOLOGY FORT WORTH CANCER CTR,500 S HENDERSON ST STE 100 FL 1, FORT WORTH,TX,76104,,1,32.72534265,-97.31778504,Texas,360,,,21.9,7883.999999999999,178
THE CENTER FOR CANCER & BLOOD DISORDERS,800 W MAGNOLIA, FORT WORTH,TX,76104,,1,32.72534265,-97.31778504,Texas,360,,,21.9,7883.999999999999,178
RIO GRANDE CANCER SPECIALISTS,7420 REMCON CIRCLE BUILDING A, EL PASO,TX,79912,,1,31.84337041,-106.5380274,Texas,360,,,21.9,7883.999999999999,178
CANCER CLINICS OF NORTH TEXAS,12606 GREENVILLE AVENUE, DALLAS,TX,75243,,1,32.91001383,-96.72780807,Texas,360,,,21.9,7883.999999999999,178
TEXAS ONCOLOGY,3410 WORTH SREET, DALLAS,TX,75246,,1,32.79532213,-96.77141442,Texas,360,,,21.9,7883.999999999999,178
MERCY SOUTHEAST CANCER CENTER,789 SOUTH MOUNT AUBURN SUITE NO. RADIATION ONCOLOGY, CAPE GIRARDEAU,MO,63703,,1,37.29697278,-89.54179985,Missouri,360,,,23.64,8510.4,193
GENESIS CANCER & BLOOD INSTITUTE,133 HARMONY PARK CIRCLE, HOT SPRINGS,AR,71913,,1,34.46756689,-93.10235097,Arkansas,360,,,22.65,8153.999999999999,184
SOUND CANCER CARE,2940 S MERIDIAN SUITE 100, PUYALLUP,WA,98373,,1,47.14869248,-122.3218285,Washington,360,,,27.26,9813.6,222
NORTHWEST MEDICAL SPECIALITIES PLLC,2940 S MERIDIAN #200, PUYALLUP,WA,98373,,1,47.14869248,-122.3218285,Washington,360,,,27.26,9813.6,222
CANCER AND BLOOD SPECIALISTS OF ARIZONA,1281 E COTTONWOOD LN, CASA GRANDE,AZ,85122,,1,32.9088065,-111.7421432,Arizona,360,,,17.07,6145.2,139
SWEDISH CANCER INSTITUTE,1221 MADISON ST.ARNOLD PAVILION SUITE 100, SEATTLE,WA,98104,,1,47.60331482,-122.3276488,Washington,360,,,27.26,9813.6,222
ARKANSAS PROSTATE CANCER CENTER,1300 CENTERVIEW DR., LITTLE ROCK,AR,72211,,1,34.75421181,-92.41644763,Arkansas,360,,,22.65,8153.999999999999,184
CENTRAL ARKANSAS RADIATION THERAPY INSTITUTE (CARTI),8901 CARTI WAY, LITTLE ROCK,AR,72205,,1,34.75152812,-92.34549553,Arkansas,360,,,22.65,8153.999999999999,184
TRA MEDICAL IMAGING,2502 S UNION AVE, TACOMA,WA,98405,,1,47.24820367,-122.4659213,Washington,360,,,27.26,9813.6,222
COMPASS ONCOLOGY EAST CANCER CENTER,12535 SE 82ND AVE, HAPPY VALLEY,OR,97015,,1,45.41787463,-122.5373078,Oregon,360,,,24.52,8827.2,200
BAMF HEALTH PC,109 MICHIGAN STREET NW SUITE 200, GRAND RAPIDS,MI,49503,,1,42.96373663,-85.65681698,Michigan,360,,,22.45,8082,183
ARIZONA ONCOLOGY ASSOCIATES,2070 W RUDASILL RD., TUCSON,AZ,85704,,1,32.33197683,-110.9844804,Arizona,360,,,17.07,6145.2,139
HENDRICK MEDICAL CENTER BROWNWOOD,1501 BURNETT RD, BROWNWOOD,TX,76801-8520,798348,1,31.71521968,-99.00336169,Texas,63,,,21.9,1379.6999999999998,31
NORTH CASCADE CANCER CENTER,381 W HORTON ROAD, BELLINGHAM,WA,98226-7004,,1,48.79184936,-122.4623144,Washington,360,,,27.26,9813.6,222
OREGON UROLOGY INSTITUTE - RADIATION CENTER,1457 G STREET, SPRINGFIELD,OR,97477,,1,44.06148294,-123.0175581,Oregon,360,,,24.52,8827.2,200
RAY & KAY ECKSTEIN REGIONAL CANCER CENTER/BAPTIST HEALTH PADUCAH,2501 KENTUCKY AVENUE CANCER CENTER ENTRANCE - BROADWAY, PADUCAH,KY,42003,797006,1,37.03362414,-88.59512847,Kentucky,190,,,23.02,4373.8,99
UROLOGY OF INDIANA,11380 N. ILLINOIS STREET, CARMEL,IN,46032,,1,39.97209187,-86.16219737,Indiana,360,,,23.6,8496,192
TEXAS ONCOLOGY LONGVIEW CANCER CENTER,1300 N FOURTH STREET, LONGVIEW,TX,75601,,1,32.50998105,-94.7270717,Texas,360,,,21.9,7883.999999999999,178
DEACONESS CHANCELLOR CENTER FOR ONCOLOGY,4055 GATEWAY BLVD, NEWBURGH,IN,47630,,1,37.97042346,-87.39629218,Indiana,360,,,23.6,8496,192
MADISON IMAGING CENTER,7803 MADISON AVE BUILDING A, CITRUS HEIGHTS,CA,95610,,1,38.69216343,-121.2714545,California,360,,,24.39,8780.4,199
FRESNO CANCER CENTER,7887 N CEDAR AVE, FRESNO,CA,93720-2685,,1,36.85927013,-119.7565439,California,360,,,24.39,8780.4,199
BAPTIST MEMORIAL HOSPITAL - DESOTO,7601 SOUTHCREST PKWY., SOUTHAVEN,MS,38671-4739,765360,1,34.96451904,-89.99863174,Mississippi,298,,,27.11,8078.78,183
SEQUIOA REGIONAL CANCER CENTER,KAWEAH HEALTH DIAGNOSTICS CTR STE 130 FL 1 820 S AKERS ST, VISALIA,CA,93277-8346,,1,36.3090027,-119.3235644,California,360,,,24.39,8780.4,199
OWENSBORO HEALTH - MITCHELL MEMORIAL CANCER CENTER,1020 BRECKENRIDGE STREET, OWENSBORO,KY,42303,,1,37.75554343,-87.07577394,Kentucky,360,,,23.02,8287.2,187
MYMICHIGAN MEDICAL CENTER SAGINAW,800 S. WASHINGTON AVENUE, SAGINAW,MI,48601,,1,43.40176754,-83.91213642,Michigan,360,,,22.45,8082,183
GENESISCARE,77840 FLORA ROAD, PALM DESERT,CA,92211,,1,33.76114827,-116.3238786,California,360,,,24.39,8780.4,199
EL PORTAL CANCER CENTER,3303 M ST, MERCED,CA,95348-2735,,1,37.3297072,-120.4941911,California,360,,,24.39,8780.4,199
MICHIGAN MEDICINE BRIGHTON CENTER FOR SPECIALTY CARE,7500 CHALLIS RD NUCLEAR MEDICINE THERAPY CLINIC ATTN: MEGHAN DOYLE CLINIC CARE COORDINATOR, BRIGHTON,MI,48116,,2,42.51185798,-83.78907988,Michigan,360,,,22.45,16164,366
COMPREHENSIVE BLOOD & CANCER CENTER (CBCC),6501 TRUXTUN AVE COMPREHENSIVE BLOOD AND CANCER CTR, BAKERSFIELD,CA,93309,,1,35.33924057,-119.0633789,California,360,,,24.39,8780.4,199
TRINITY HEALTH ANN ARBOR,5301 EAST HURON RIVER DRIVE, ANN ARBOR,MI,48106,,1,42.27346583,-83.77537144,Michigan,360,,,22.45,8082,183
TEXAS ONCOLOGY AUSTIN NORTH,12221 RENFERT WAY, AUSTIN,TX,78758,,1,30.38604376,-97.70502994,Texas,360,,,21.9,7883.999999999999,178
RADIOTHERAPY CENTERS OF KENTUCKIANA,1322 SPRING STREET, JEFFERSONVILLE,IN,47130,,1,38.3112363,-85.71592419,Indiana,360,,,23.6,8496,192
NORTON CANCER INSTITUTE DOWNTOWN,676 SOUTH FLOYD STREET, LOUISVILLE,KY,40202,,1,38.25087712,-85.75012252,Kentucky,360,,,23.02,8287.2,187
U OF L HEALTH - UNIVERSITY OF LOUISVILLE HOSPITAL,530 S. JACKSON ST., LOUISVILLE,KY,40202,793238,2,38.25087712,-85.75012252,Kentucky,333,,,23.02,15331.32,347
PROMEDICA FLOWER HOSPITAL HICKMAN CANCER CENTER,5300 HARROUN RD SUITE 010, SYLVANIA,OH,43560,,1,41.70588768,-83.71526693,Ohio,360,,,24.89,8960.4,203
AUSTIN RADIOLOGICAL ASSOCIATION MSO LLC,901 W 38TH ST STE 100, AUSTIN,TX,78705,,1,30.2924302,-97.7403882,Texas,360,,,21.9,7883.999999999999,178
APEX CANCER CARE / RADIATION THERAPY (FORMERLY CALLED THE AUSTIN CENTER FOR RADIATION ONCOLOGY),1020 WEST 34TH ST, AUSTIN,TX,78705,,1,30.2924302,-97.7403882,Texas,360,,,21.9,7883.999999999999,178
TEMECULA VALLEY NUCLEAR MEDICNE,25485 MEDICAL CENTER DR. STE 102, MURRIETA,CA,92562,,1,33.57519331,-117.2156198,California,360,,,24.39,8780.4,199
CRESCENT THERANOSTICS,27262 VIA INDUSTRIA, TEMECULA,CA,92590-3751,,1,33.48906888,-117.1788864,California,360,,,24.39,8780.4,199
CONTRA COSTA ONCOLOGY,575 LENNON LANE SUITE 153, WALNUT CREEK,CA,94598,,1,37.91855497,-122.0291077,California,360,,,24.39,8780.4,199
NORTHEAST LOUISIANA CANCER INSTITUTE LLC,STE 100 FL 1 411 CALYPSO ST, MONROE,LA,71201-7551,,1,32.53033511,-92.10843753,Louisiana,360,,,28.77,10357.2,234
IMAGING SERVICES WALNUT CREEK BEHRING PAVILION,177 LA CASA VIA SUITE NO. 100 FLOOR NO. 1, WALNUT CREEK,CA,94598,,1,37.91855497,-122.0291077,California,360,,,24.39,8780.4,199
ST JUDE HOSPITAL,2141 N HARBOR BLVD, FULLERTON,CA,92835,,1,33.90138095,-117.9081624,California,360,,,24.39,8780.4,199
COREWELL HEALTH DEARBORN HOSPITAL,DEARBORN HOSPITAL 18101 OAKWOOD BLVD FL: BASEMENT, DEARBORN,MI,48124-4089,774544,1,42.29471481,-83.25318431,Michigan,535,,,22.45,12010.75,272
UCI MEDICAL CENTER,101 THE CITY DRIVE SOUTH BLDG 20, ORANGE,CA,92868,794126,5,33.78610915,-117.8762776,California,397,,,24.39,48414.15,1095
HENRY FORD HEALTH SYSTEM,2799 W GRAND BLVD NUCLEAR MEDICINE BLDG K3 ROOM W307, DETROIT,MI,48202,,1,42.37356798,-83.0773802,Michigan,360,,,22.45,8082,183
SAN FERNANDO VALLEY CANCER CENTER,15211 VANOWEN STSUITE #204, VAN NUYS,CA,91405,,1,34.19986695,-118.4474316,California,360,,,24.39,8780.4,199
CRESCENT THERANOSTICS,2050 S EUCLID ST, ANAHEIM,CA,92802,,1,33.80723054,-117.9249284,California,360,,,24.39,8780.4,199
HOAG FAMILY CANCER INSTITUTE,16105 SAND CANYON AVENUE SUITE 215, IRVINE,CA,92618,,1,33.66699353,-117.7591353,California,360,,,24.39,8780.4,199
BEVERLY HILLS ONCOLOGY MEDICAL GROUP INC,STE 100 FL 1 8900 WILSHIRE BLVD, BEVERLY HILLS,CA,90211-1958,,1,34.06597866,-118.3834388,California,360,,,24.39,8780.4,199
EPIC CARE,27204 CALAROGA AVE, HAYWARD,CA,94545,,1,37.63264228,-122.0993674,California,360,,,24.39,8780.4,199
UCLA THERANOSTIC CENTER,MP 100 100 MED PLAZA STE 700 FL 7, LOS ANGELES,CA,90095-0001,,2,34.06564738,-118.44576,California,360,,,24.39,17560.8,397
UNITED THERANOSTICS - LOS ANGELES,11500 W OLYMPIC BLVD STE 610 FL 6, LOS ANGELES,CA,90064-1527,,1,34.03524163,-118.4277356,California,360,,,24.39,8780.4,199
DAYTON PHYSICIANS LLC,3120 GOVERNOR'S PL BLVD, KETTERING,OH,45409,,1,39.72405137,-84.18758943,Ohio,360,,,24.89,8960.4,203
COREWELL HEALTH EAST- BEAUMONT GROSSE POINTE HOSPITAL,BEAUMONT GROSSE POINTE 468 CADIEUX RD HOTLAB FL 1, GROSSE POINTE,MI,48230,794176,1,42.38460355,-82.92511203,Michigan,248,,,22.45,5567.599999999999,126
TOWER SAINT JOHN'S IMAGING,2202 WILSHIRE BLVD 2ND FL PET ATTN SHAUNA KOVACH, SANTA MONICA,CA,90403-5706,,1,34.02790017,-118.4948372,California,360,,,24.39,8780.4,199
WESTERN RADIATION ONCOLOGY,2211 MOORPARK AVENUE SUITE NO. 220, SAN JOSE,CA,95128,,1,37.31496745,-121.936449,California,360,,,24.39,8780.4,199
PET/CT IMAGING OF SAN JOSE,STE 220 FL 2 2211 MOORPARK AVE, SAN JOSE,CA,95128-2654,,1,37.31496745,-121.936449,California,360,,,24.39,8780.4,199
UNIVERSITY OF CINCINNATI MEDICAL CENTER,3188 BELLEVUE AVENUE, CINCINNATI,OH,45219,802488,2,39.12696735,-84.51346704,Ohio,570,,,24.89,28374.600000000002,642
THE UROLOGY GROUP,2000 JOSEPH E SANKER BLVD, CINCINNATI,OH,45212,,1,39.163864,-84.45232142,Ohio,360,,,24.89,8960.4,203
UROLOGY ASSOCIATES P.C.,2801 CHARLOTTE AVE, NASHVILLE,TN,37209-4035,,1,36.14394807,-86.869116,Tennessee,360,,,22.64,8150.400000000001,184
NEVADA THERANOSTICS,510 PROSPECT AVENUE SUITE NO. STE 118, REDONDO BEACH,CA,90277,,1,33.83089678,-118.3845617,California,360,,,24.39,8780.4,199
PALO ALTO MEDICAL FOUNDATION,795 EL CAMINO REAL, PALO ALTO,CA,94301,,1,37.44485391,-122.1524133,California,360,,,24.39,8780.4,199
SUTTER MILLS PENINSULA HEALTH CENTER,RAD ONC DEPT 100 S SAN MATEO DR, SAN MATEO,CA,94401-3805,,1,37.57201097,-122.323332,California,360,,,24.39,8780.4,199
ADVANCED MOLECULAR THERAPY,2438 N. PONDEROSA DRIVESTE C-210, CAMARILLO,CA,93010,,1,34.23127304,-119.0497479,California,360,,,24.39,8780.4,199
THE UROLOGY PLACE,9618 HUEBNER ROAD SUITE NO. 120 FLOOR NO. 1, SAN ANTONIO,TX,78240,,1,29.52030003,-98.60068003,Texas,360,,,21.9,7883.999999999999,178
UNIO SPECIALTY CARE,3444 KEARY VILLA ROAD SUITE 201, SAN DIEGO,CA,92123,,1,32.80109434,-117.1369094,California,360,,,24.39,8780.4,199
SAN ANTONIO CANCER CENTER,7718 PASTEUR COURT, SAN ANTONIO,TX,78229,,1,29.50728534,-98.56956036,Texas,360,,,21.9,7883.999999999999,178
WOODLANDS CANCER & BLOOD INSTITUTE,18354 I-45 SOUTH SUITE NO. 120, THE WOODLANDS,TX,77384,,1,30.22982677,-95.49289916,Texas,360,,,21.9,7883.999999999999,178
RIDLEY-TREE CANCER CENTER AT SANSUM CLINIC,300 W.PUEBLO ST, SANTA BARBARA,CA,93105,,1,34.44084146,-119.7357214,California,360,,,24.39,8780.4,199
THE OHIO STATE UNIVERSITY - WEXNER MEDICAL CENTER,410 W. 10TH AVE DOAN HALL - ROOM 204, COLUMBUS,OH,43210,,5,40.00026019,-83.01451504,Ohio,360,,,24.89,44802,1013
EXCEL DIAGNOSTICS & NUCLEAR ONCOLOGY CENTER,9701 RICHMOND AVENUE # 122, HOUSTON,TX,77042,,1,29.7389664,-95.55919311,Texas,360,,,21.9,7883.999999999999,178
TEXAS ONCOLOGY HOUSTON MEDICAL CENTER,7500 FANNIN STREET SUITE NO. 100 A, HOUSTON,TX,77054,,1,29.68604087,-95.40098877,Texas,360,,,21.9,7883.999999999999,178
KELSEY SEYBOLD CLINIC-FORT BEND CAMPUS,STE 1.301 FL 1 11555 UNIVERSITY BLVD, SUGAR LAND,TX,77478-3889,,1,29.61440789,-95.60562451,Texas,360,,,21.9,7883.999999999999,178
TEXAS ONCOLOGY-BEAUMONT,3010 HARRISON AVE, BEAUMONT,TX,77702-1041,,1,30.08723947,-94.12507369,Texas,360,,,21.9,7883.999999999999,178
UNIVERSITY OF TEXAS MD ANDERSON CANCER CENTER,MD ANDERSON 2280 GULF FREEWAY S STE LCC2.1307A FL 2, LEAGUE CITY,TX,77573-5143,,5,29.50499831,-95.09057894,Texas,360,,,21.9,39420,892
BAPTIST CANCER CENTER- ANDERSON,2124 14TH ST FL 1, MERIDIAN,MS,39301,,1,32.33893789,-88.65091405,Mississippi,360,,,27.11,9759.6,221
LEWIS AND FAYE MANDERSON CANCER CENTER,809 UNIVERSITY BLVD E, TUSCALOOSA,AL,35401,,1,33.19528831,-87.56249927,Alabama,360,,,19.22,6919.2,157
SOUTHERN UROLOGY LLC,120 RUIS LOUIS XIV - BLDG #1, LAFAYETTE,LA,70508,,1,30.15732788,-92.02901043,Louisiana,360,,,28.77,10357.2,234
UROLOGY CENTERS OF ALABAMA,THE PET CTR 3489 INDEPENDENCE DR, HOMEWOOD,AL,35209-8311,,1,33.46971241,-86.81190216,Alabama,360,,,19.22,6919.2,157
TENNESSEE UROLOGY ASSOCIATES PLLC,9245 PARK W BLVD FL 1, KNOXVILLE,TN,37923-4425,,1,35.92870219,-84.07523405,Tennessee,360,,,22.64,8150.400000000001,184
PROSTATE CANCER CENTER OF EXCELLENCE,1415 OLD WEISGARBER RD STE 250 MAIN FL, KNOXVILLE,TN,37909-1288,,1,35.94683022,-84.02197763,Tennessee,360,,,22.64,8150.400000000001,184
ONCOLOGICS - ACADIANA RADIATION THERAPY LLC,525 NORTH LEWIS STREET, NEW IBERIA,LA,70563,,1,30.01749797,-91.77944095,Louisiana,360,,,28.77,10357.2,234
UPMC HILLMAN CANCER CENTER AT UPMC HORIZON SHENANGO,2200 MEMORIAL DRIVE FLOOR NO. 1ST, FARRELL,PA,16121,,2,41.21107294,-80.49130332,Pennsylvania,360,,,22.83,16437.6,372
MARY BIRD PERKINS CANCER CENTER,1104 W. HIGHWAY 30, GONZALES,LA,70737-5003,,1,30.24386067,-90.92242122,Louisiana,360,,,28.77,10357.2,234
CAMC BREAST CENTER,3415 MACCORKLE AVE SE, CHARLESTON,WV,25304,,1,38.31964639,-81.58749206,West Virginia,360,,,18.97,6829.2,154
UPMC SHADYSIDE HOSPITAL,5230 CENTRE AVENUE, PITTSBURGH,PA,15232,,5,40.45354711,-79.93242781,Pennsylvania,360,,,22.83,41094,930
UPMC SHADYSIDE NUCLEAR MEDICINE,5230 CENTRE AVE, PITTSBURGH,PA,15232,,5,40.45354711,-79.93242781,Pennsylvania,360,,,22.83,41094,930
EAST JEFFERSON GENERAL HOSPITAL CANCER CENTER,4204 HOUMA BLVD, METAIRIE,LA,70006,796080,1,30.01288295,-90.19186874,Louisiana,612,,,28.77,17607.239999999998,398
OCHSNER BENSON CANCER CENTER,1514 JEFFERSON HWY FLOOR NO. 2, NEW ORLEANS,LA,70121,795808,1,29.96272564,-90.16192908,Louisiana,1023,,,28.77,29431.71,666
WELLSTAR COBB HOSPITAL - RADIATION ONCOLOGY,1800 HOSP S DRIVE FLOOR NO. 1, AUSTELL,GA,30106,,1,33.83941702,-84.62238892,Georgia,360,,,23.8,8568,194
WELLSTAR NORTH FULTON HOSPITAL INC.,4500 HOSPITAL BLVD STE 120 FL 1, ROSWELL,GA,30076-0001,,1,34.02748182,-84.31718787,Georgia,360,,,23.8,8568,194
CARMICHAEL IMAGING CENTER AT BAPTIST HEALTH,4145 CARMICHAEL ROAD, MONTGOMERY,AL,36106,,1,32.35208265,-86.25873635,Alabama,360,,,19.22,6919.2,157
GEORGIA UROLOGY CUMMING CLINIC ANNEX,STE 360 FL 3 1800 NORTHSIDE FORSYTH DR, CUMMING,GA,30041-8416,,1,34.17567942,-84.11485684,Georgia,360,,,23.8,8568,194
WINSHIP EMORY MIDTOWN,575 W PEACHTREE ST NW, ATLANTA,GA,30308,796894,5,33.77200659,-84.37989716,Georgia,548,,,23.8,65212,1475
CITY OF HOPE-ATLANTA,600 CELEBRATE LIFE PARKWAY, NEWNAN,GA,30265,,1,33.39699049,-84.71238977,Georgia,360,,,23.8,8568,194
UROLOGY ASSOCIATES OF MOBILE PA,100 MEMORIAL HOSPITAL DR SUITE 1A, MOBILE,AL,36608,,1,30.69102878,-88.19270775,Alabama,360,,,19.22,6919.2,157
INFIRMARY CANCER CARE,3 MOBILE INFIRMARY CIRCLE SUITE 301, MOBLIE,AL,36607-3515,,1,30.69754855,-88.10246205,Alabama,360,,,19.22,6919.2,157
GEORGIA UROLOGY FAYETTEVILLE CLINIC,STE 100 FL 1 1336 HWY 54 W BLD 100, FAYETTEVILLE,GA,30214-4573,,1,33.4855131,-84.47718513,Georgia,360,,,23.8,8568,194
EAMC - SPENCER CANCER CENTER,2501 VILLAGE PROFESSIONAL DRIVE, OPELIKA,AL,36801,,1,32.65362393,-85.39148352,Alabama,360,,,19.22,6919.2,157
UNIVERSITY OF ROCHESTER MEDICAL CENTER,601 ELMWOOD AVENUE, ROCHESTER,NY,14642,,5,43.12353783,-77.62505783,New York,360,,,27.47,49446,1118
UNIVERSITY CANCER AND BLOOD CENTER,3320 OLD JEFFERSON RD BLDG 700, ATHENS,GA,30607,,2,34.00806991,-83.43211708,Georgia,360,,,23.8,17136,388
WOODLANDS MEDICAL SPECIALISTS,4724 NORTH DAVIS HIGHWAY, PENSACOLA,FL,32503,,1,30.45473455,-87.20736963,Florida,360,,,19.81,7131.599999999999,161
PENSACOLA RADIOLOGY CONSULTANTS,1549 AIRPORT BOULEVARD SUITE 110, PENSACOLA,FL,32504,,1,30.48747851,-87.18854286,Florida,360,,,19.81,7131.599999999999,161
CARILION CLINIC,2001 CRYSTAL SPRING AVE, ROANOKE,VA,24014,,1,37.23685401,-79.93558411,Virginia,360,,,23.6,8496,192
DOTHAN HEMATOLOGY AND ONCOLOGY,101 WESTSIDE DR, DOTHAN,AL,36303-1908,,1,31.25242413,-85.41290994,Alabama,360,,,19.22,6919.2,157
BERKELEY MEDICAL CENTER RADIATION ONCOLOGY,DOROTHY A. MCCORMICK CTR BLDG STE 1100 FL 1 2000 FOUNDATION WAY, MARTINSBURG,WV,25401-9003,,1,39.45796142,-77.9717265,West Virginia,360,,,18.97,6829.2,154
LEVINE CANCER INSTITUTE - RADIATION THERAPY,1021 MOREHEAD MEDICAL DRIVE SUITE 1000, CHARLOTTE,NC,28204,,1,35.21369018,-80.82477599,North Carolina,360,,,23.15,8334,189
ASSOCIATED MEDICAL PROFESSIONALS OF NY PLLC,1226 E WATER ST, SYRACUSE,NY,13210,,1,43.03443999,-76.12664138,New York,360,,,27.47,9889.199999999999,224
HEMATOLOGY ONCOLOGY ASSOCIATES OF CNY P.C.,STE 500 FL 1 5008 BRITTONFIELD PKWY, EAST SYRACUSE,NY,13057-9248,,1,43.072156734000004,-76.05352819,New York,360,,,27.47,9889.199999999999,224
UVA HEALTH NUCLEAR MEDICINE,1240 LEE ST, CHARLOTTESVILLE,VA,22908,792193,5,38.03259424,-78.49894098,Virginia,657,,,23.6,77526,1754
WESLEY LONG HOSPITAL,2400 WEST FRIENDLY AVE., GREENSBORO,NC,27403,,1,36.06452978,-79.82304889,North Carolina,360,,,23.15,8334,189
PENNSYLVANIA CANCER SPECIALISTS & RESEARCH INSTITUTE,20 EXPEDITION TRAIL STE 101, GETTYSBURG,PA,17325,,1,39.82935815,-77.21964749,Pennsylvania,360,,,22.83,8218.8,186
HOPE REGIONAL CANCER CENTER,2900 S HWY 77, LYNN HAVEN,FL,32444-5612,,1,30.23389231,-85.64411234,Florida,360,,,19.81,7131.599999999999,161
UPMC IMAGING SERVICES,240 GRANDVIEW AVE, CAMP HILL,PA,17011,,2,40.24002227,-76.92917803,Pennsylvania,360,,,22.83,16437.6,372
FLORIDA CANCER AFFILIATES,2100 STATE AVE, PANAMA CITY,FL,32405-4587,,1,30.19551409,-85.66948214,Florida,360,,,19.81,7131.599999999999,161
UPMC-MEDICAL SCIENCES PAVILION,4300 LONDONDERRY ROAD, HARRISBURG,PA,17109,,2,40.2910039,-76.8226644,Pennsylvania,360,,,22.83,16437.6,372
SOUTH CAROLINA ONCOLOGY ASSOCIATES,166 STONERIDGE DRIVE, COLUMBIA,SC,29210,,1,34.04416002,-81.10624746,South Carolina,360,,,22.14,7970.400000000001,180
WELLSPAN YORK HOSPITAL,1001 S. GEORGE STREET, YORK,PA,17403,,1,39.94422815,-76.70896509,Pennsylvania,360,,,22.83,8218.8,186
CHESAPEAKE URO OPCO LLC DBA UNITED URO GRP,12435 PARK POTOMAC AVE SUITE NO. STE 400 FLOOR NO. FL4, POTOMAC,MD,20854,,1,39.04019291,-77.19387327,Maryland,360,,,22.65,8153.999999999999,184
VIRGINIA CANCER SPECIALISTS,8613 LEE HIGHWAY, FAIRFAX,VA,22031,,1,38.86166279,-77.26345744,Virginia,360,,,23.6,8496,192
WALTER REED NATIONAL MILITARY MEDICAL CENTER,4925 SOUTH PALMER ROAD, BETHESDA,MD,20889,,1,39.00058543,-77.09480139,Maryland,360,,,22.65,8153.999999999999,184
SIBLEY MEMORIAL HOSPITAL (SMH) JOHNS HOPKINS,5255 LOUGHBORO ROAD NW, WASHINGTON,DC,20016,791237,2,38.9374374,-77.08442892,Washington D.C.,218,Dc,,23.6,10289.6,233
UNITED THERANOSTICS - BETHESDA,5454 WISCONSIN AVE STE 1600 FL 16, BETHESDA,MD,20815-6906,,1,38.97658113,-77.08346446,Maryland,360,,,22.65,8153.999999999999,184
MEDSTAR GEORGETOWN UNIVERSITY HOSPITAL,3800 RESERVOIR RD NW 2ND FL GORMAN BLDG NUC MED, WASHINGTON,DC,20007,793012,5,38.91583831,-77.07323053,Washington D.C.,453,Dc,,23.6,53454,1209
UNIVERSITY OF MARYLAND DBA CENTRAL MARYLAND RADIATION ONCOLOGY,10710 CHARTER DRIVE SUITE NO. G030, COLUMBIA,MD,21044,,2,39.21466986,-76.87859807,Maryland,360,,,22.65,16307.999999999998,369
MARYLAND ONCOLOGY HEMATOLOGY: CENTER FOR ADVANCED RADIATION ONCOLOGY,WHITE OAK CANCER CTR OUTPATIENT BLDG 11886 HEALING WAY STE 101 FL 1, SILVER SPRING,MD,20904-7917,,1,39.06568316,-76.9691061,Maryland,360,,,22.65,8153.999999999999,184
MEDSTAR WASHINGTON HOSPITAL CENTER,110 IRVING ST NW, WASHINGTON DC,DC,20010,801810,1,38.93286715,-77.03286817,Washington D.C.,719,Dc,,23.6,16968.4,384
KEYSTONE UROLOGY SPECIALISTS,2106 HARRISBURG PIKE SUITE 200 2ND FLOOR, LANCASTER,PA,17601,,1,40.07424961,-76.32126495,Pennsylvania,360,,,22.83,8218.8,186
JOHNS HOPKINS RADIATION ONCOLOGY GREENSPRING STATION,10753 FALLS ROAD PAVILION II SUITE 145, LUTHERVILLE TIMONIUM,MD,21093,,2,39.44146488,-76.63662252,Maryland,360,,,22.65,16307.999999999998,369
CHESAPEAKE UROLOGY,PHYSICIANS PAVILION NORTH 6535 NORTH CHARLES ST. SUITE 650, TOWSON,MD,21204-5826,,1,39.40513961,-76.62052947,Maryland,360,,,22.65,8153.999999999999,184
NORTHEAST RADIATION ONCOLOGY CENTER,1110 MEADE STREET, DUNMORE,PA,18512,,1,41.42729819,-75.6226157,Pennsylvania,360,,,22.83,8218.8,186
TMH PHYSICIAN PARTNERS - RADIATION ONCOLOGY,1775 ONE HEALING PLACE, TALLAHASSEE,FL,32308,,1,30.47192133,-84.23774073,Florida,360,,,19.81,7131.599999999999,161
ADVANCED MOLECULAR IMAGING AND THERAPY [AMIT] (NOW KNOWN AS UNITED THERANOSTICS),THERANOSTICS CENTER OF EXCELLENCE 331 OAK MANOR DRIVE STE 201, GLEN BURNIE,MD,21061,,1,39.15744135,-76.62917046,Maryland,360,,,22.65,8153.999999999999,184
VIRGINIA UROLOGY CENTER P.C.,9101 STONY POINT DRIVE, RICHMOND,VA,23235,,1,37.51362653,-77.56549708,Virginia,360,,,23.6,8496,192
210 THERANOSTICS,210 ASHVILLE AVENUE SUITE NO. 120, CARY,NC,27518,,1,35.73068409,-78.77131382,North Carolina,360,,,23.15,8334,189
ST. LUKES UNIVERSITY HEALTH NETWORK,421 W CHEW STREET (SACRED HEART CAMPUS), ALLENTOWN,PA,18102,,2,40.60631192,-75.47822077,Pennsylvania,360,,,22.83,16437.6,372
CHRISTIANACARE NUCLEAR MEDICINE,4755 OGLETOWN-STANTON ROAD, NEWARK,DE,19718,,1,39.6874403,-75.66884766,Delaware,360,,,21.3,7668,173
PENN MEDICINE- RADNOR,145 KING OF PRUSSIA ROAD, RADNOR,PA,19087,,2,40.05930968,-75.40467502,Pennsylvania,360,,,22.83,16437.6,372
CENTERS FOR ADVANCED UROLOGY LLP DBA MIDLANTIC UROLOGY - PLYMOUTH MEETING,400 DAVIS DR STE 200A, PLYMOUTH MEETING,PA,19462,,1,40.11801473,-75.29395702,Pennsylvania,360,,,22.83,8218.8,186
FOX CHASE CANCER CENTER,333 COTTMAN AVENUE, PHILADELPHIA,PA,19111,,5,40.05892199,-75.07975553,Pennsylvania,360,,,22.83,41094,930
IMAGECARE AT JEFFERSON,IMAGECARE AT JEFFERSON BLDG 757 NJ-15 STE 104 HOT LAB FL 1, LAKE HOPATCONG,NJ,07849,,1,40.96152153,-74.59669126,New Jersey,360,,,23.96,8625.6,195
NEW JERSEY UROLOGY,CANCER TREATMENT CENTER 2090 SPRINGDALE ROAD SUITE B SUITE NO. SUITE B, CHERRY HILL,NJ,08003,,1,39.88212521,-74.96973392,New Jersey,360,,,23.96,8625.6,195
UNITED THERANOSTICS,THERANOSTICS CENTER OF EXCELLENCE 8 FORRESTAL ROAD S SUITE 201, PRINCETON,NJ,08540,,1,40.3580429,-74.64745435,New Jersey,360,,,23.96,8625.6,195
CANCER CARE OF NORTH FLORIDA,4520 W US HWY 90, LAKE CITY,FL,32055,,1,30.22256827,-82.67370537,Florida,360,,,19.81,7131.599999999999,161
ASTERA CANCER CARE,9 CENTRE DRIVE, MONROE TWP,NJ,08831,,1,40.32998467,-74.43922142,New Jersey,360,,,23.96,8625.6,195
IMAGECARE AT WEST ORANGE,61 MAIN ST, WEST ORANGE,NJ,07052-5352,,1,40.78674208,-74.25878856,New Jersey,360,,,23.96,8625.6,195
ECU HEALTH MEDICAL CENTER,524 MOYE BLVD, GREENVILLE,NC,27834,,2,35.61227429,-77.40394359,North Carolina,360,,,23.15,16668,377
IMAGECARE AT WOODBRIDGE,530 GREEN ST, ISELIN,NJ,08830-2654,,1,40.57067133,-74.31570448,New Jersey,360,,,23.96,8625.6,195
UNIVERSITY RADIOLOGY GROUP - NUTLEY,235 FRANKLIN AVE FL 1, NUTLEY,NJ,07110-2708,,2,40.81809321,-74.15634331,New Jersey,360,,,23.96,17251.2,390
ATLANTIC UROLOGY SPECIALISTS,ATLANTIC UROLOGY SPECIALISTS BLDG 1255 TADLOCK DR, MURRELLS INLET,SC,29576-7973,,1,33.58207993,-79.03937993,South Carolina,360,,,22.14,7970.400000000001,180
COASTAL CANCER CENTER,4600 WILD IRIS DR, MYRTLE BEACH,SC,29577-8867,,1,33.70138708,-78.89393307,South Carolina,360,,,22.14,7970.400000000001,180
COASTAL CANCER CENTER,4708 OLEANDER DRIVE, MYRTLE BEACH,SC,29577,,1,33.70138708,-78.89393307,South Carolina,360,,,22.14,7970.400000000001,180
REGIONAL CANCER CARE ASSOCIATES,326 PROFESSIONAL VIEW DR, FREEHOLD,NJ,07728,,1,40.24128496,-74.27530644,New Jersey,360,,,23.96,8625.6,195
NEW YORK PRESBYTERIAN,177 FORT WASHINGTON AVE., NEW YORK,NY,10032,,1,40.83775101,-73.94174451,New York,360,,,27.47,9889.199999999999,224
NYU LANGONE PERLMUTTER CANCER CENTER- SUNSET PARK,5718 2ND AVE HOT LAB PETCT FL 1, BROOKLYN,NY,11220-3313,,2,40.64102568,-74.014329,New York,360,,,27.47,19778.399999999998,447
NEW YORK CANCER AND BLOOD SPECIALISTS,BASEMENT FL 201 E 71ST ST, NEW YORK,NY,10021-9713,,1,40.7690157,-73.95743466,New York,360,,,27.47,9889.199999999999,224
EAST RIVER MEDICAL IMAGING P.C. MOLECULAR IMAGING & THERANOSTICS SUITE,515 E 72ND ST STE 101 FL 1, NEW YORK,NY,10021-4032,,1,40.7690157,-73.95743466,New York,360,,,27.47,9889.199999999999,224
MAIMONIDES CANCER CENTER,6300 8TH AVENUE PET/CT LOWER LEVEL, BROOKLYN,NY,11220,,1,40.64102568,-74.014329,New York,360,,,27.47,9889.199999999999,224
VOA RADIATION ONCOLOGY,6251 E VIRGINIA BEACH BLVD STE 115, NORFOLK,VA,23502-2800,,1,36.853693860999996,-76.21470969,Virginia,360,,,23.6,8496,192
ATLANTICARE CANCER CARE INSTITUTE,2500 ENGLISH CREEK AVENUE BUILDING 400 1ST FLOOR, EGG HARBOR TOWNSHIP,NJ,08234,,1,39.39106316,-74.60608753,New Jersey,360,,,23.96,8625.6,195
NEW YORK CANCER AND BLOOD SPECIALISTS,2236 NOSTRAND AVE, BROOKLYN,NY,11210-3037,,1,40.62988137,-73.9462322,New York,360,,,27.47,9889.199999999999,224
NAZHA CANCER CENTER,801 NEW ROAD, NORTHFIELD,NJ,08225,,1,39.37044953,-74.55482149,New Jersey,360,,,23.96,8625.6,195
NEW YORK CANCER AND BLOOD SPECIALISTS,92-37 METROPOLITAN AVE, FOREST HILLS,NY,11375-6623,,1,40.7233312,-73.84656171,New York,360,,,27.47,9889.199999999999,224
HOPE TOWER,19 DAVIS AVE FLOOR NO. GROUND LEVEL, NEPTUNE,NJ,07753,,1,40.21489573,-74.05897759,New Jersey,360,,,23.96,8625.6,195
ZUCKERBERG CANCER CENTER,450 LAKEVILLE RD MITCHELL A GOLDMAN DIAGNOSTIC IMAGING CENTER RAD MED, LAKE SUCCESS,NY,11042,,1,40.757743,-73.694152,New York,360,,,27.47,9889.199999999999,224
NEW YORK CANCER AND BLOOD SPECIALISTS,1 DELAWARE DRIVE, NEW HYDE PARK,NY,11042,,1,40.757743,-73.694152,New York,360,,,27.47,9889.199999999999,224
INTEGRATED MEDICAL PROFESSIONALS PLLC,3111 NEW HYDE PARK ROAD, LAKE SUCCESS,NY,11042-1209,,1,40.757743,-73.694152,New York,360,,,27.47,9889.199999999999,224
ACKERMAN CANCER CENTER - FERNANDINA BEACH,1340 SOUTH 18TH STREETSUITE 103, FERNANDINA BEACH,FL,32034,,1,30.6193352,-81.47039459,Florida,360,,,19.81,7131.599999999999,161
CATHOLIC HEALTH CANCER INSTITUTE AT ST. FRANCIS HOSPITAL,2200 NORTHERN BOULEVARD, EAST HILLS,NY,11548,,1,40.81330566,-73.62465848,New York,360,,,27.47,9889.199999999999,224
NUCLEAR MEDICINE - NYU LANGONE HOSPITAL - LONG ISLAND,NUC MED STE MB-L305 BASEMENT FL 259 FIRST ST, MINEOLA,NY,11501-3957,,2,40.74647643,-73.63958067,New York,360,,,27.47,19778.399999999998,447
CANCER SPECIALISTS OF NORTH FLORIDA RIVERSIDE,2 SHIRCLIFF WAY FLOOR NO. 1, JACKSONVILLE,FL,32204,,1,30.31654138,-81.68663808,Florida,360,,,19.81,7131.599999999999,161
BAPTIST MD ANDERSON CANCER CENTER,1301 PALM AVENUE, JACKSONVILLE,FL,32207,,2,30.29319809,-81.63348124,Florida,360,,,19.81,14263.199999999999,323
FLORIDA CANCER SPECIALISTS & RESEARCH INSTITUTE - GAINESVILLE,6420 W. NEWBERRY ROAD EAST WING STE 200, GAINESVILLE,FL,32605,,1,29.67995419,-82.36606004,Florida,360,,,19.81,7131.599999999999,161
GENESISCARE,2161 KINGSLEY AVE, ORANGE PARK,FL,32073-5116,,1,30.17066201,-81.74269069,Florida,360,,,19.81,7131.599999999999,161
CANCER SPECIALISTS OF NORTH FLORIDA SOUTHPOINT,7015 AC SKINNER PARKWAY BUILDING 100, JACKSONVILLE,FL,32256,,1,30.21938778,-81.54424518,Florida,360,,,19.81,7131.599999999999,161
CANCER SPECIALISTS OF NORTH FLORIDA SOUTHSIDE,7015 A C SKINNER PKWY SUITE NO. 1, JACKSONVILLE,FL,32256,,1,30.21938778,-81.54424518,Florida,360,,,19.81,7131.599999999999,161
TERK ONCOLOGY,7017 A C SKINNER PARKWAY, JACKSONVILLE,FL,32256,,1,30.21938778,-81.54424518,Florida,360,,,19.81,7131.599999999999,161
ACKERMAN CANCER CENTER - JACKSONVILLE,10881 SAN JOSE BLVD, JACKSONVILLE,FL,32223,,1,30.15695772,-81.62901178,Florida,360,,,19.81,7131.599999999999,161
CANCER SPECIALISTS OF NORTH FLORIDA FLEMING ISLAND,2370 MARKET DRIVE, FLEMING ISLAND,FL,32003,,1,30.09561271,-81.7148725,Florida,360,,,19.81,7131.599999999999,161
THE HOSPITAL OF CENTRAL CT,100 GRAND ST 100 GRAND ST STE NG14 FL G, NEW BRITAIN,CT,06052-2016,,1,41.65899125,-72.80015396,Connecticut,360,,,26.9,9684,219
MIDSTATE MEDICAL CENTER - MERIDEN,435 LEWIS AVE, MERIDEN,CT,06451,800921,1,41.53523473,-72.81973153,Connecticut,143,,,26.9,3846.7,87
NEW YORK CANCER AND BLOOD SPECIALISTS,1500 ROUTE 112 - BLDG 2A, PORT JEFFERSON STATION,NY,11776,,1,40.91237442,-73.04903255,New York,360,,,27.47,9889.199999999999,224
NEW YORK CANCER AND BLOOD SPECIALISTS,365 E MAIN ST, PATCHOGUE,NY,11772-3145,,1,40.77203046,-72.9997358,New York,360,,,27.47,9889.199999999999,224
CANCER SPECIALISTS OF NORTH FLORIDA ST. AUGUSTINE,121 WHITEHALL DRIVE, ST. AUGUSTINE,FL,32086,,1,29.81559776,-81.31862392,Florida,360,,,19.81,7131.599999999999,161
FLORIDA CANCER SPECIALISTS & RESEARCH INSTITUTE - OCALA,4945 SW 49TH PLACE, OCALA,FL,34474,,1,29.15139677,-82.19813438,Florida,360,,,19.81,7131.599999999999,161
ADVANCED PROSTATE CANCER INSTITUTE,ADV PROSTATE CANCER INST 11363 SW 95TH CIR STE B, OCALA,FL,34481-5064,,1,29.10005277,-82.2898013,Florida,360,,,19.81,7131.599999999999,161
NEW YORK CANCER AND BLOOD SPECIALISTS,750 OLD COUNTRY RD, RIVERHEAD,NY,11901-2153,,1,40.93194752,-72.65869017,New York,360,,,27.47,9889.199999999999,224
STONY BROOK SOUTHAMPTON HOSPITAL,240 MEETING HOUSE LANE, SOUTHAMPTON,NY,11968,,2,40.90804659,-72.40898589,New York,360,,,27.47,19778.399999999998,447
FLORIDA CANCER SPECIALISTS & RESEARCH INSTITUTE - BROOKSVILLE,7154 MEDICAL CENTER DRIVE, SPRING HILL,FL,34608,,1,28.47950269,-82.55285034,Florida,360,,,19.81,7131.599999999999,161
FLORIDA CANCER SPECIALISTS & RESEARCH INSTITUTE - VILLAGES,1400 US HWY 441 N STE 540, THE VILLAGES,FL,32159-8987,,1,28.93223001,-81.9375913,Florida,360,,,19.81,7131.599999999999,161
ADVANCED CANCER TREATMENT CENTER,RAD ONC 15211 CORTEZ BLVD FL 1, BROOKSVILLE,FL,34613-6072,,1,28.55013975,-82.52842554,Florida,360,,,19.81,7131.599999999999,161
RADIATION CENTER OF GREATER NASHUA,11 N SOUTHWOOD DR, NASHUA,NH,03063-1803,,1,42.774738,-71.51234151,New Hampshire,360,,,26.92,9691.2,219
FLORIDA CANCER SPECIALISTS,2955 BROWNWOOD BLVD STE 107, THE VILLAGES,FL,32163-2040,,1,28.90137341,-82.09213314,Florida,360,,,19.81,7131.599999999999,161
COMPREHENSIVE HEMATOLOGY ONCOLOGY DEPARTMENT OF RADIATION ONCOLOGY,3611 LITTLE ROAD, TRINITY,FL,34655,,1,28.20427923,-82.66644574,Florida,360,,,19.81,7131.599999999999,161
FLORIDA CANCER SPECIALISTS & RESEARCH INSTITUTE - TRINITY,9320 STATE RD 54 RAD 2ND FLOOR, TRINITY,FL,34655,,1,28.20427923,-82.66644574,Florida,360,,,19.81,7131.599999999999,161
FLORIDA CANCER SPECIALISTS & RESEARCH INSTITUTE - HIGHLAND,100 HIGHLAND AVENUE, LARGO,FL,33770,,1,27.91585294,-82.79971311,Florida,360,,,19.81,7131.599999999999,161
FLORIDA CANCER SPECIALISTS  - WESLEY CHAPEL,30142 STATE RD 56, WESLEY CHAPEL,FL,33543,,1,28.19531503,-82.306763,Florida,360,,,19.81,7131.599999999999,161
DANA-FARBER CANCER INSTITUTE AT CHESTNUT HILL,300 BOYLSTON ST, CHESTNUT HILL,MA,02459,,2,42.31935399,-71.19134451,Massachusetts,360,,,27.1,19512,441
FLORIDA CANCER SPECIALISTS & RESEARCH INSTITUTE - TAMPA,3402 MARTIN LUTHER KING JR BLVD RAD, TAMPA,FL,33607,,1,27.96450405,-82.50017669,Florida,360,,,19.81,7131.599999999999,161
MID-FLORIDA CANCER CENTERS,2776 ENTERPRISE RD STE 100, ORANGE CITY,FL,32763,,1,28.94251527,-81.30062402,Florida,360,,,19.81,7131.599999999999,161
FLORIDA CANCER SPECIALISTS,805 CURRENCY CIRCLE, LAKE MARY,FL,32746-2115,,1,28.7611849,-81.34742874,Florida,360,,,19.81,7131.599999999999,161
FLORIDA CANCER SPECIALISTS -ST PETERSBURG,725 6TH AVE S STE 2200, ST PETERSBURG,FL,33701,,1,27.77401249,-82.63662788,Florida,360,,,19.81,7131.599999999999,161
ADVENTHEALTH CANCER INSTITUTE- ALTAMONTE,601 E. ALTAMONTE DRIVE, ALTAMONTE SPRINGS,FL,32701,,1,28.66322823,-81.37358198,Florida,360,,,19.81,7131.599999999999,161
NEW ENGLAND CANCER SPECIALISTS,RAD THERAPY CTR 15 ROCK ROW STE 110 FL 1, WESTBROOK,ME,04092-4877,,1,43.68538341,-70.35763472,Maine,360,,,25.26,9093.6,206
ADVENTHEALTH CANCER INSTITUTE- RADIATION ONCOLOGY,2501 N. ORANGE AVE. SUITE 181, ORLANDO,FL,32804,,1,28.57599383,-81.39153891,Florida,360,,,19.81,7131.599999999999,161
FLORIDA CANCER SPECIALISTS,52 W GORE ST, ORLANDO,FL,32806,,1,28.51405818,-81.35802945,Florida,360,,,19.81,7131.599999999999,161
ADVENTHEALTH CANCER INSTITUTE- KISSIMMEE,1300 WEST OAK STREET, KISSIMMEE,FL,34741,,1,28.31248073,-81.42624568,Florida,360,,,19.81,7131.599999999999,161
HAROLD ALFOND CENTER FOR CANCER CARE,HAROLD ALFOND CTR FOR CANCER CARE 361 OLD BELGRADE RD STE IMAGING FL 1, AUGUSTA,ME,04330,,1,44.33678034,-69.7592122,Maine,360,,,25.26,9093.6,206
SUNSTATE MEDICAL SPECIALISTS,3210 FRUITVILLE RD, SARASOTA,FL,34237-6411,,1,27.33864588,-82.5118857,Florida,360,,,19.81,7131.599999999999,161
FLORIDA CANCER SPECIALISTS & RESEARCH INSTITUTE - NORTH PORT,1390 GRAND VENTURE DR PET CT DEPT, NORTH PORT,FL,34286-2309,,1,27.07075152,-82.18278543,Florida,360,,,19.81,7131.599999999999,161
SUNSTATE MEDICAL SPECIALISTS,BLDG GENESISCARE STE 100 FL 1 4571 COLONIAL BLVD, FORT MYERS,FL,33966-1156,,1,26.57712719,-81.83385305,Florida,360,,,19.81,7131.599999999999,161
FLORIDA CANCER SPECIALISTS & RESEARCH INSTITUTE - GLADIOLUS,8260 GLADIOLUS DR, FORT MYERS,FL,33908-4156,,1,26.50505558,-81.92533404,Florida,360,,,19.81,7131.599999999999,161
FLORIDA ONCOLOGY & HEMATOLOGY,15455 COLLIER BLVD, NAPLES,FL,34119,,1,26.25886663,-81.71760754,Florida,360,,,19.81,7131.599999999999,161
FLORIDA THERANOSTICS - INDEPENDENT  PRACTICE,431 UNIVERSITY BLVD, JUPITER,FL,33458,,1,26.92228182,-80.12095402,Florida,360,,,19.81,7131.599999999999,161
MOBILE THERAPY UNIT- FLORIDA THERANOSTICS,431 UNIVERSITY BLVD, JUPITER,FL,33458-3103,,1,26.92228182,-80.12095402,Florida,360,,,19.81,7131.599999999999,161
IMPRESSION IMAGING LLC,3111 N UNIVERSITY DR STE 115 FL 1, CORAL SPRINGS,FL,33065-5049,,1,26.27151654,-80.25539844,Florida,360,,,19.81,7131.599999999999,161
IMPRESSION IMAGING LLC - BOCA RATON,6853 SW 18TH ST SUITE M-101, BOCA RATON,FL,33433-7056,,1,26.34536601,-80.15590332,Florida,360,,,19.81,7131.599999999999,161
UNIVERSITY OF MIAMI SYLVESTER COMPREHENSIVE CANCER CENTER,1192 EAST NEWPORT CENTER DRIVE, DEERFIELD BEACH,FL,33442,,2,26.31181827,-80.14290232,Florida,360,,,19.81,14263.199999999999,323
BAPTIST HEALTH CANCER CARE,1228 S PINE ISLAND ROAD SUITE NO. SUITE 130, PLANTATION,FL,33324,,1,26.11494231,-80.27286174,Florida,360,,,19.81,7131.599999999999,161
UNIVERSITY OF MIAMI HOSPITAL AND CLINICS- SOLE MIA,BLDG UHEALTH - SOLE MIA STE 1060M FL 1 2111 SOLE MIA WAY, NORTH MIAMI,FL,33181-2492,,2,25.89771627,-80.15840391,Florida,360,,,19.81,14263.199999999999,323
BRAMAN COMPREHENSIVE CANCER CENTER- MOUNT SINAI MEDICAL CENTER,BARMAN COMPREHENSIVE CNCR CTR 4310 ALTON RD FL 2 NUC. MED. DEPT, MIAMI BEACH,FL,33140-2840,801413,2,25.82139187,-80.12521309,Florida,481,,,19.81,19057.219999999998,431