Hospital (Novartis),Address,City,State,Zip,rpt_rec_num,Designation,LATITUDE,LONGITUDE,State_Full,Number of Beds,County,Lookup,prostate_cancer_incidence,Demand Weight,Demand per Year
MONUMENT HEALTH RAPID CITY HOSPITAL - FAIRMONT BLVD,353 FAIRMONT BLVD MEDICAL IMAGING/ NUCLEAR MEDICINE FL 2, RAPID CITY,SD,57701,793743.0,1,44.079142409,-103.2152968,South Dakota,385.0,Pennington,South DakotaPennington County,19.6,7546.000000000001,171.0
CHEYENNE REGIONAL MEDICAL CENTER,BLDG WEST CAMPUS FL 1 214 E 23RD ST, CHEYENNE,WY,82001-3748,791460.0,1,41.143174976,-104.7852121,Wyoming,159.0,Laramie,WyomingLaramie County,25.8,4102.2,93.0
BILLINGS CLINIC,2800 10TH AVE N, BILLINGS,MT,59101,777548.0,1,45.772835229,-108.5001171,Montana,334.0,Yellowstone,MontanaYellowstone County,29.2,9752.8,221.0
KAISER PERMANENTE ROCK CREEK,280 EXEMPLA CIR, LAFAYETTE,CO,80026,795452.0,1,39.996426261,-105.101503,Colorado,183.0,Boulder,ColoradoBoulder County,26.9,4922.7,111.0
UCHEALTH- UNIVERSITY OF COLORADO HOSPITAL,1635 AURORA CT, AURORA,CO,80045,791643.0,5,39.746989293,-104.837035,Colorado,754.0,Adams,ColoradoAdams County,21.7,81809.0,1850.0
NATIONAL JEWISH HEALTH,1400 JACKSON ST, DENVER,CO,80206,794719.0,1,39.733766122,-104.9526567,Colorado,13.0,Denver,ColoradoDenver County,21.9,284.7,6.0
ST ANTHONY HOSPITAL,ST ANTHONY HOSP - NUC MED 11700 W 2ND PLACE STE 150 FL 1, LAKEWOOD,CO,80228-1704,793800.0,1,39.695898787,-105.1449794,Colorado,220.0,Denver,ColoradoDenver County,21.9,4818.0,109.0
ADVENT HEALTH PORTER,PORTER HOSP NUC MED AND RAD 2525 S DOWNING ST, DENVER,CO,80210-5817,798652.0,1,39.679507894,-104.9643776,Colorado,180.0,Denver,ColoradoDenver County,21.9,3941.9999999999995,89.0
BOZEMAN HEALTH DEACONESS REGIONAL MEDICAL CENTER,DEACONESS HOSPI BLDG FL 2 915 HIGHLAND BLVD, BOZEMAN,MT,59715-6902,776612.0,1,45.677604129,-111.0268333,Montana,139.0,Gallatin,MontanaGallatin County,40.3,5601.7,127.0
AVERA MCKENNAN HOSPITAL,1325 S. CLIFF AVE, SIOUX FALLS,SD,57117,793742.0,1,43.5343730871434,-96.7148150907159,South Dakota,549.0,Minnehaha,South DakotaMinnehaha County,38.6,21191.4,479.0
NEBRASKA CANCER SPECIALISTS - GRAND ISLAND,2730 WEST FAIDLEY AVENUE, GRAND ISLAND,NE,68803,777240.0,1,40.925876179,-98.38455355,Nebraska,60.0,Hall,NebraskaHall County,19.6,1176.0,27.0
SANFORD MEDICAL CENTER FARGO,801 N BROADWAY, FARGO,ND,58102,775442.0,1,46.900421538,-96.79291485,North Dakota,493.0,Cass,North DakotaCass County,27.6,13606.800000000001,308.0
MARY LANNING HEALTHCARE,715 N. SAINT JOSEPH AVE, HASTINGS,NE,68901,777352.0,1,40.59033587,-98.39217201,Nebraska,106.0,Adams,NebraskaAdams County,20.7,2194.2,50.0
UCH MEMORIAL HOSPITAL CENTRAL,1400 E. BOULDER ST, COLORADO SPRINGS,CO,80909,793192.0,2,38.850453131,-104.7747129,Colorado,536.0,El Paso,ColoradoEl Paso County,23.2,24870.399999999998,563.0
LAKE REGION HEALTHCARE CANCER CARE CENTER,908 S CASCADE ST., FERGUS FALLS,MN,56537,765722.0,1,46.29062574,-96.06434651,Minnesota,80.0,Otter Tail,MinnesotaOtter Tail County,23.6,1888.0,43.0
PENROSE HOSPITAL,2222 N NEVADA AVE, COLORADO SPRINGS,CO,80907-6819,794317.0,1,38.877565185,-104.8216483,Colorado,484.0,El Paso,ColoradoEl Paso County,23.2,11228.8,254.0
ALTRU CANCER CENTER,1200 S. COLUMBIA ROAD FLOOR NO. MAIN FLOOR, GRAND FORKS,ND,58201,776505.0,1,47.896608546,-97.054662,North Dakota,198.0,Grand Forks,North DakotaGrand Forks County,42.7,8454.6,191.0
BENEFIS HOSPITALS INC.,SOUTH TOWER NUC MED STE FL 2 1101 26TH ST S, GREAT FALLS,MT,59405-5161,776611.0,1,47.491604456,-111.2536271,Montana,312.0,Cascade,MontanaCascade County,28.3,8829.6,200.0
ST PETER'S HEALTH,MARIA DEAN BLDG E ENTRANCE 2475 BROADWAY STE CTC, HELENA,MT,59601,788559.0,1,46.591539498,-112.0323498,Montana,125.0,Lewis And Clark,MontanaLewis And Clark County,23.6,2950.0,67.0
INTERMOUNTAIN HEALTH LOGAN REGIONAL HOSPITAL,GOSSNER CANCER CENTER 1281 N 600 E, LOGAN,UT,84341-6988,795730.0,1,41.762773101,-111.8196216,Utah,114.0,Cache,UtahCache County,38.2,4354.8,99.0
COMMUNITY HOSPITAL,2351 G ROAD, GRAND JUNCTION,CO,81505,770348.0,1,39.110899412,-108.5960506,Colorado,44.0,Mesa,ColoradoMesa County,24.7,1086.8,25.0
MCKAY-DEE HOSPITAL,4401 HARRISON BLVD., OGDEN,UT,84403,795613.0,1,41.188346387,-111.9494943,Utah,236.0,Weber,UtahWeber County,28.1,6631.6,150.0
INTERMOUNTAIN MEDICAL CENTER,5121 S. COTTONWOOD ST. BUILDING 2, MURRAY,UT,84107,795012.0,1,40.662762389,-111.8796933,Utah,486.0,Salt Lake,UtahSalt Lake County,26.7,12976.199999999999,294.0
SHENANDOAH MEDICAL CENTER,300 PERSHING AVE FL 1, SHENANDOAH,IA,51601-2355,776436.0,1,40.758272613,-95.3670162,Iowa,25.0,Page,IowaPage County,41.8,1045.0,24.0
SALINA REGIONAL HEALTH CENTER,400 S SANTA FE AVE, SALINA,KS,67401-4144,767293.0,1,38.821681505,-97.60546862,Kansas,177.0,Saline,KansasSaline County,23.6,4177.2,94.0
PROVIDENCE ST. PATRICK HOSPITAL,ST PATRICK HOSP NUC MED FL2 500 W BROADWAY, MISSOULA,MT,59802-4008,777106.0,1,46.880429761,-113.9696627,Montana,206.0,Missoula,MontanaMissoula County,22.2,4573.2,103.0
ST. LUKE'S MAGIC VALLEY MEDICAL CENTER,801 POLE LINE ROAD WEST, TWIN FALLS,ID,83301,766866.0,1,42.55983151,-114.4696565,Idaho,175.0,Twin Falls,IdahoTwin Falls County,30.0,5250.0,119.0
MERCYONE MEDICAL CENTER DES MOINES,1111 6TH AVENUE, DES MOINES,IA,50314,794887.0,1,41.602376588,-93.6345798,Iowa,519.0,Polk,IowaPolk County,26.8,13909.2,315.0
STORMONT VAIL/COTTON O'NEIL CANCER CENTER,1414 SW 8TH AVENUE, TOPEKA,KS,66606,768106.0,1,39.058105941,-95.71258077,Kansas,442.0,Shawnee,KansasShawnee County,23.6,10431.2,236.0
MAYO CLINIC ROCHESTER MINNESOTA,200 1ST ST. SW, ROCHESTER,MN,55905,774548.0,5,44.0243184398238,-92.4676655158206,Minnesota,1154.0,Olmsted,MinnesotaOlmsted County,23.6,136172.0,3080.0
ASCENSION VIA CHRISTI CANCER CENTER,817 N. EMPORIA, WICHITA,KS,67214,767962.0,1,37.704355555,-97.31381069,Kansas,641.0,Sedgwick,KansasSedgwick County,23.6,15127.6,342.0
ST. LUKE'S HOSPITAL OF DULUTH (DBA ASPIRUS ST. LUKE'S HOSPITAL),915 E FIRST ST, DULUTH,MN,55805,774279.0,1,46.798192395,-92.09522165,Minnesota,238.0,St. Louis,MinnesotaSt. Louis County,23.6,5616.8,127.0
MAYO CLINIC HEALTH SYSTEM - EAU CLAIRE,1221 WHIPPLE STREET, EAU CLAIRE,WI,54703,774469.0,2,44.828138414,-91.50470938,Wisconsin,186.0,Eau Claire,WisconsinEau Claire County,29.4,10936.8,247.0
SAINT LUKE'S HEALTH SYSTEM,4401 WORNALL ROAD, KANSAS CITY,MO,64111,786036.0,1,39.05531335,-94.59353351,Missouri,478.0,Jackson,MissouriJackson County,20.8,9942.4,225.0
ST. LUKE'S BOISE,190 EAST BANNOCK ST., BOISE,ID,83712,767279.0,1,43.605767673,-116.173872,Idaho,560.0,Ada,IdahoAda County,24.1,13496.0,305.0
CHRISTUS ST. VINCENT REGIONAL MEDICAL CENTER,455 ST. MICHAEL'S DR FL 1, SANTA FE,NM,87505-7601,794191.0,1,35.654641585,-105.951959,New Mexico,171.0,Santa Fe,New MexicoSanta Fe County,17.0,2907.0,66.0
GUNDERSEN HEALTH SYSTEM,1900 SOUTH AVENUE, LA CROSSE,WI,54601,765452.0,1,43.796635795,-91.21675409,Wisconsin,260.0,La Crosse,WisconsinLa Crosse County,28.4,7384.0,167.0
MAYO CLINIC HEALTH SYSTEM - LA CROSSE,700 WEST AVE SOUTH, LA CROSSE,WI,54601,773487.0,2,43.796635795,-91.21675409,Wisconsin,99.0,La Crosse,WisconsinLa Crosse County,28.4,5623.2,127.0
BSA HEALTH SYSTEMS,1600 WALLACE BLVD, AMARILLO,TX,79106,775267.0,1,35.199645474,-101.8920193,Texas,357.0,Potter,TexasPotter County,17.8,6354.6,144.0
UNIVERSITY OF IOWA HOSPITALS AND CLINICS,NUCLEAR MEDICINE 3822 JPPHAWKINS DRIVE, IOWA CITY,IA,52242,795893.0,5,41.6601,-91.5468,Iowa,740.0,Johnson,IowaJohnson County,35.0,129500.0,2929.0
KOOTENAI HEALTH,2003 KOOTENAI HEALTH WAY, COEUR D'ALENE,ID,83814,806931.0,1,47.671089791,-116.7859518,Idaho,326.0,Kootenai,IdahoKootenai County,25.3,8247.800000000001,187.0
BOTHWELL REGIONAL HEALTH CENTER,601 EAST 14TH STREET, SEDALIA,MO,65301,791136.0,1,38.69714551,-93.23252701,Missouri,71.0,Pettis,MissouriPettis County,22.3,1583.3,36.0
MULTICARE DEACONESS RADIATION ONCOLOGY,MED OFFICE BLDG 1 STE 130 FL 1 910 W 5TH AVE, SPOKANE,WA,99204-2966,775146.0,1,47.64774825,-117.4281837,Washington,279.0,Spokane,WashingtonSpokane County,18.2,5077.8,115.0
MERCY HOSPITAL OKLAHOMA CITY,4300 W. MEMORIAL RD, OKLAHOMA CITY,OK,73120,792108.0,1,35.585128389,-97.56293695,Oklahoma,344.0,Oklahoma,OklahomaOklahoma County,19.0,6536.0,148.0
SSM HEALTH ST. ANTHONY HOSPITAL,1000 N. LEE, OKLAHOMA CITY,OK,73102,777119.0,1,35.471961567,-97.51966565,Oklahoma,501.0,Oklahoma,OklahomaOklahoma County,19.0,9519.0,215.0
UNIVERSITY OF MISSOURI ELLIS FISCHEL CANCER CENTER,1 HOSPITAL DRIVE FLOOR NO. FIRST FLOOR, COLUMBIA,MO,65212,795083.0,2,38.9385923190968,-92.3284678180007,Missouri,665.0,Boone,MissouriBoone County,21.4,28461.999999999996,644.0
FREEMAN HEALTH SYSTEM,932 E 34TH ST, JOPLIN,MO,64804,785004.0,1,37.046085947,-94.51216742,Missouri,348.0,Newton,MissouriNewton County,26.9,9361.199999999999,212.0
MERCY HOSPITAL JOPLIN,100 MERCY WAY, JOPLIN,MO,64804,804538.0,1,37.046085947,-94.51216742,Missouri,242.0,Jasper,MissouriJasper County,23.4,5662.799999999999,128.0
ST. GEORGE REGIONAL HOSPITAL,PETCT DEPARTMENT 600 S MEDICAL CENTER DRIVE, SAINT GEORGE,UT,84790,795731.0,1,37.074766934,-113.5620955,Utah,256.0,Washington,UtahWashington County,19.6,5017.6,113.0
UNIVERSITY OF WISCONSIN HOSPITAL,600 HIGHLAND AVE., MADISON,WI,53792,792502.0,5,43.0769272635515,-89.4316525312269,Wisconsin,671.0,Dane,WisconsinDane County,33.6,112728.0,2550.0
SSM HEALTH ST. MARY'S HOSPITAL - MADISON,700 SOUTH PARK ST., MADISON,WI,53715,773490.0,1,43.064250047,-89.40089332,Wisconsin,354.0,Dane,WisconsinDane County,33.6,11894.4,269.0
KADLEC REGIONAL MEDICAL CENTER,888 SWIFT BLVD, RICHLAND,WA,99352,777147.0,1,46.243846289,-119.2766609,Washington,282.0,Benton,WashingtonBenton County,20.5,5781.0,131.0
FLAGSTAFF MEDICAL CENTER,1200 N BEAVER ST, FLAGSTAFF,AZ,86001-3118,794270.0,1,35.200277644,-111.6621352,Arizona,242.0,Coconino,ArizonaCoconino County,20.2,4888.4,111.0
UNIVERSITY MEDICAL CENTER,EAST TOWER NUC MED FL 4 602 INDIANA AVE, LUBBOCK,TX,79415-3364,768295.0,2,33.619360773,-101.8833914,Texas,422.0,Lubbock,TexasLubbock County,25.4,21437.6,485.0
SAINT ANTHONY MEDICAL CENTER,5666 E STATE ST, ROCKFORD,IL,61108-2425,767934.0,1,42.251788535,-89.02078062,Illinois,230.0,Winnebago,IllinoisWinnebago County,27.2,6256.0,142.0
ASCENSION NE WISCONSIN - ST. ELIZABETH'S HOSPITAL,1506 S. ONEIDA ST., APPLETON,WI,54915,796715.0,1,44.244597083,-88.37162103,Wisconsin,287.0,Outagamie,WisconsinOutagamie County,21.3,6113.1,138.0
THEDACARE REGIONAL CANCER CENTER- APPLETON,2500 EAST CAPITOL DRIVE, APPLETON,WI,54911,802060.0,1,44.27822975,-88.39721633,Wisconsin,147.0,Outagamie,WisconsinOutagamie County,21.3,3131.1,71.0
AURORA MEDICAL CENTER SUMMIT,36500 AURORA DRIVE, SUMMIT,WI,53066,774348.0,1,43.109343701,-88.48543557,Wisconsin,109.0,Waukesha,WisconsinWaukesha County,28.2,3073.7999999999997,70.0
AURORA BAYCARE MEDICAL CENTER,2845 GREENBRIER ROAD, GREEN BAY,WI,54311,774210.0,1,44.490116886,-87.93597545,Wisconsin,185.0,Brown,WisconsinBrown County,29.5,5457.5,123.0
FROEDTERT HOSPITAL,9200 WEST WISCONSIN AVENUE, MILWAUKEE,WI,53226,788477.0,1,43.050401786,-88.04286308,Wisconsin,729.0,Milwaukee,WisconsinMilwaukee County,32.9,23984.1,543.0
AURORA MEDICAL CENTER SHEBOYGAN COUNTY,3400 UNION AVE, SHEBOYGAN,WI,53081,774640.0,1,43.738586409,-87.72664935,Wisconsin,125.0,Sheboygan,WisconsinSheboygan County,33.4,4175.0,94.0
AURORA ST. LUKE'S MEDICAL CENTER,2900 WEST OKLAHOMA AVENUE, MILWAUKEE,WI,53215,774470.0,1,43.000805061,-87.9424973,Wisconsin,932.0,Milwaukee,WisconsinMilwaukee County,32.9,30662.8,694.0
MERCY HOSPITAL ST. LOUIS,615 S NEW BALLAS ROAD, ST. LOUIS,MO,63141,787863.0,1,38.664605862,-90.45607742,Missouri,782.0,St. Louis,MissouriSt. Louis County,27.6,21583.2,488.0
MISSOURI BAPTIST MEDICAL CENTER,3015 N BALLAS RD., ST. LOUIS,MO,63131,798306.0,1,38.614072961,-90.44309593,Missouri,402.0,St. Louis,MissouriSt. Louis County,27.6,11095.2,251.0
ADVOCATE GOOD SHEPHERD HOSPITAL,27750 WEST HIGHWAY 22 SUITE G50, BARRINGTON,IL,60010,775552.0,1,42.164366329,-88.14331084,Illinois,176.0,Lake,IllinoisLake County,29.2,5139.2,116.0
MERCY HOSPITAL FORT SMITH,7301 ROGERS AVE., FORT SMITH,AR,72903,793788.0,1,35.359093375,-94.36486874,Arkansas,256.0,Sebastian,ArkansasSebastian County,25.7,6579.2,149.0
RUSH COPLEY MEDICAL CENTER,2000 OGDEN AVENUE, AURORA,IL,60504,793023.0,1,41.743525515,-88.24479714,Illinois,192.0,Kane,IllinoisKane County,30.8,5913.6,134.0
MERCY HOSPITAL SOUTH DAVID SINDELAR CANCER CENTER,10050 KENNERLY RD., ST LOUIS,MO,63128,803014.0,1,38.4977855,-90.37340791,Missouri,725.0,St. Louis,MissouriSt. Louis County,27.6,20010.0,453.0
BARNES JEWISH HOSPITAL/WASHINGTON UNIVERSITY IN ST. LOUIS,4921 PARKVIEW PL, ST. LOUIS,MO,63110,797880.0,5,38.617379683,-90.25871572,Missouri,1265.0,St. Louis City,MissouriSt. Louis City County,23.6,149270.0,3376.0
CONFLUENCE HEALTH,1201 S MILLER, WENATCHEE,WA,98801,776651.0,1,47.426199526,-120.3297885,Washington,187.0,Chelan,WashingtonChelan County,31.8,5946.6,135.0
ADVOCATE CONDELL MEDICAL CENTER,BLDG 880 RADIATION ONCOLOGY FL1 801 S MILWAUKEE AVE, LIBERTYVILLE,IL,60048-3204,775050.0,1,42.288420328,-87.95193643,Illinois,257.0,Lake,IllinoisLake County,29.2,7504.4,170.0
NORTHWEST COMMUNITY HOSPITAL ENDEAVOR HEALTH,800 WEST CENTRAL ROAD, ARLINGTON HEIGHTS,IL,60005,777194.0,1,42.065115475,-87.98292568,Illinois,424.0,Cook,IllinoisCook County,29.5,12508.0,283.0
ASCENSION ALEXIAN BROTHERS MEDICAL CENTER,800 BIESTERFIELD RD RADIATION ONCOLOGY BUILDING 5 SUITE 110, ELK GROVE VILLAGE,IL,60007,795681.0,1,42.005686589,-88.01318686,Illinois,282.0,Cook,IllinoisCook County,29.5,8319.0,188.0
MIDWESTERN REGIONAL MEDICAL CENTER (CITY OF HOPE CHICAGO),2520 ELISHA AVENUE, ZION,IL,60099,764703.0,1,42.44968173,-87.84688561,Illinois,73.0,Lake,IllinoisLake County,29.2,2131.6,48.0
ELMHURST HOSPITAL,155 E. BRUSH HILL ROAD, ELMHURST,IL,60126,775197.0,1,41.892342492,-87.94214451,Illinois,258.0,Dupage,IllinoisDupage County,23.6,6088.8,138.0
ADVOCATE LUTHERAN GENERAL HOSPITAL,1700 LUTHER LANE, PARK RIDGE,IL,60068,773969.0,1,42.012218883,-87.84218058,Illinois,562.0,Cook,IllinoisCook County,29.5,16579.0,375.0
ADVOCATE ILLINOIS MASONIC MEDICAL CENTER,836 W. WELLINGTON AVE., CHICAGO,IL,60657,774863.0,1,41.939676739,-87.64953007,Illinois,237.0,Cook,IllinoisCook County,29.5,6991.5,158.0
RUSH UNIVERSITY MEDICAL CENTER,1620 W. HARRISON ST.3RD FLOOR TOWER, CHICAGO,IL,60612,792823.0,2,41.880912223,-87.68620795,Illinois,608.0,Cook,IllinoisCook County,29.5,35872.0,811.0
ADVOCATE CHRIST MEDICAL CENTER,4440 WEST 95TH STREET ATTN: INPATIENT NUC MED DEPT, OAK LAWN,IL,60453-2600,775051.0,1,41.712926529,-87.75018349,Illinois,725.0,Cook,IllinoisCook County,29.5,21387.5,484.0
NORTHWESTERN MEMORIAL HOSPITAL,251 E HURON ST GALTER PAVILION - NUCLEAR MEDICINE, CHICAGO,IL,60611,797363.0,5,41.895104551,-87.62144806,Illinois,944.0,Cook,IllinoisCook County,29.5,139240.0,3150.0
UNIVERSITY OF CHICAGO MEDICAL CENTER,5841 S. MARYLAND AVENUE, CHICAGO,IL,60637,785535.0,5,41.782669285,-87.60268161,Illinois,737.0,Cook,IllinoisCook County,29.5,108707.5,2459.0
MAYO CLINIC ARIZONA,5881 E. MAYO BLVD, PHOENIX,AZ,85054,775013.0,5,33.670575911,-111.9502536,Arizona,353.0,Maricopa,ArizonaMaricopa County,17.6,31064.000000000004,703.0
SCHOOLCRAFT MEMORIAL HOSPITAL,MAIN BLDG 7870W US HIGHWAY 2, MANISTIQUE,MI,49854-8992,776468.0,1,46.021958927,-86.25337248,Michigan,12.0,Schoolcraft,MichiganSchoolcraft County,23.6,283.20000000000005,6.0
DIGNITY HEALTH CANCER INSTITUTE AT ST. JOSEPH'S HOSPITAL AND MEDICAL CENTER,350 W THOMAS ROAD, PHOENIX,AZ,85013,794561.0,1,33.505554698,-112.0824233,Arizona,531.0,Maricopa,ArizonaMaricopa County,17.6,9345.6,211.0
RENOWN HEALTH,1155 MILL STREET, RENO,NV,89502,776754.0,1,39.497119841,-119.7762982,Nevada,592.0,Washoe,NevadaWashoe County,23.6,13971.2,316.0
CITY OF HOPE CANCER CENTER PHOENIX,14200 W CELEBRATE LIFE WAY, GOODYEAR,AZ,85338,764484.0,1,33.413399585,-112.4141957,Arizona,38.0,Maricopa,ArizonaMaricopa County,17.6,668.8000000000001,15.0
COREWELL HEALTH ST. JOSEPH,COREWELL HEALTH 1234 NAPIER AVE STE D13536 FL, SAINT JOSEPH,MI,49085-2112,787587.0,1,42.068581872,-86.47919518,Michigan,231.0,Berrien,MichiganBerrien County,28.2,6514.2,147.0
UT SOUTHWESTERN,5939 HARRY HINES BLVD, DALLAS,TX,75390,797321.0,5,32.812904558624,-96.8422301593126,Texas,728.0,Dallas,TexasDallas County,23.7,86268.0,1951.0
SWEDISH CANCER INSTITUTE,751 NE BLAKELY DRIVE SUITE 100, ISSAQUAH,WA,98029,776340.0,1,47.560302976,-122.0138793,Washington,167.0,King,WashingtonKing County,30.6,5110.2,116.0
METHODIST HOSPITAL,1441 N. BECKLEY AVE., DALLAS,TX,75203,793912.0,1,32.747981128,-96.80858355,Texas,403.0,Dallas,TexasDallas County,23.7,9551.1,216.0
MUNSON MEDICAL CENTER - COWELL FAMILY CANCER CENTER,217 S. MADISON STREET, TRAVERSE CITY,MI,49684-2346,792661.0,1,44.771792198,-85.66074264,Michigan,401.0,Grand Traverse,MichiganGrand Traverse County,23.6,9463.6,214.0
PROVIDENCE REGIONAL MEDICAL CENTER,1717 13THST., EVERETT,WA,98201,774075.0,1,47.987580458,-122.202915,Washington,551.0,Snohomish,WashingtonSnohomish County,29.0,15979.0,361.0
VIRGINIA MASON MEDICAL CENTER,1100 9TH AVE, SEATTLE,WA,98101,794691.0,1,47.611306678,-122.3336004,Washington,222.0,King,WashingtonKing County,30.6,6793.200000000001,154.0
FRED HUTCHINSON CANCER CENTER,1354 ALOHA ST, SEATTLE,WA,98109,792954.0,5,47.629894374,-122.3467833,Washington,20.0,King,WashingtonKing County,30.6,3060.0,69.0
SWEDISH CANCER INSTITUTE,21605 76TH AVE W SUITE 100, EDMONDS,WA,98026,782496.0,1,47.822026932,-122.3348281,Washington,157.0,Snohomish,WashingtonSnohomish County,29.0,4553.0,103.0
SKY LAKES MEDICAL CENTER,FL 1 2865 DAGGETT AVE, KLAMATH FALLS,OR,97601-1106,802492.0,1,42.234507433,-121.8106843,Oregon,90.0,Klamath,OregonKlamath County,27.5,2475.0,56.0
MULTICARE CANCER INSTITUTE - TACOMA GENERAL HOSPITAL,ATTN: NUC MED TACOMA GEN HOSP 315 ML.K JR WAY, TACOMA,WA,98405-4234,774988.0,1,47.248203674,-122.4659213,Washington,360.0,Pierce,WashingtonPierce County,29.0,10440.0,236.0
UNIVERSITY OF ARKANSAS FOR MEDICAL SCIENCES (UAMS),4301 WEST MARKHAM STREET, LITTLE ROCK,AR,72205,800831.0,2,34.751528123,-92.34549553,Arkansas,545.0,Pulaski,ArkansasPulaski County,21.5,23435.0,530.0
UNION HOSPITAL HUX CANCER CENTER,1711 N 6 1/2 STREET SUITE 100 FLOOR NO. 1ST FLOOR, TERRE HAUTE,IN,47804,798427.0,1,39.494496136,-87.39455531,Indiana,260.0,Vigo,IndianaVigo County,23.6,6136.0,139.0
PROVIDENCE PORTLAND MEDICAL CENTER,4805 NE GLISAN ST, PORTLAND,OR,97213,776088.0,1,45.53668994,-122.6004531,Oregon,391.0,Multnomah,OregonMultnomah County,30.4,11886.4,269.0
TRINITY HEALTH GRAND RAPIDS,200 JEFFERSON SE, GRAND RAPIDS,MI,49503,796021.0,1,42.963736631,-85.65681698,Michigan,275.0,Kent,MichiganKent County,23.3,6407.5,145.0
SKAGIT REGIONAL HOSPITAL,1415 E. KINCAID ST, MT VERNON,WA,98273,777001.0,1,48.428236992,-122.3257671,Washington,137.0,Skagit,WashingtonSkagit County,28.7,3931.9,89.0
ST BERNARDS MEDICAL CENTER,NUC MED 225 E WASHINGTON AVE, JONESBORO,AR,72401-3111,766367.0,1,35.840483075,-90.69565276,Arkansas,373.0,Craighead,ArkansasCraighead County,29.7,11078.1,251.0
OREGON HEALTH AND SCIENCE UNIVERSITY,3181 SW SAM JACKSON PARK ROAD, PORTLAND,OR,97239,793532.0,5,45.489163753,-122.6881068,Oregon,562.0,Multnomah,OregonMultnomah County,30.4,85424.0,1932.0
TUCSON MEDICAL CENTER,NUC MED FL 1 5301 E GRANT RD, TUCSON,AZ,85712-2805,774808.0,1,32.250587385,-110.8867969,Arizona,473.0,Pima,ArizonaPima County,18.4,8703.199999999999,197.0
PEACEHEALTH ST JOSEPH MEDICAL CENTER,3301 SQUALICUM PARKWAY, BELLINGHAM,WA,98225,794859.0,1,48.748871563,-122.4910125,Washington,208.0,Whatcom,WashingtonWhatcom County,32.6,6780.8,153.0
BANNER UNIVERSITY MEDICAL CENTER - TUCSON,1625 N CAMPBELL AVE NUC MED TOWER 1, TUCSON,AZ,85719-4330,775307.0,2,32.253102785,-110.9504917,Arizona,559.0,Pima,ArizonaPima County,18.4,20571.199999999997,465.0
MULTICARE CANCER INSTITUTE - CAPITAL MEDICAL CENTER,3900 CAPITAL MALL DRIVE DR SW SUITE NO. 100B FLOOR NO. 1ST, OLYMPIA,WA,98502,774989.0,1,47.069335105,-122.949991,Washington,107.0,Thurston,WashingtonThurston County,32.0,3424.0,77.0
GOSHEN HEALTH,200 HIGH PARK AVE., GOSHEN,IN,46526,776884.0,1,41.571336867,-85.84872761,Indiana,105.0,Elkhart,IndianaElkhart County,23.6,2478.0,56.0
GOOD SAMARITAN HOSPITAL - RADIATION ONCOLOGY,520 SOUTH SEVENTH STREET, VINCENNES,IN,47591,771506.0,1,38.672969317,-87.50632931,Indiana,99.0,Knox,IndianaKnox County,23.6,2336.4,53.0
PEACEHEALTH SACRED HEART MEDICAL CENTER AT RIVERBEND,3331 RIVERBEND DRIVE, SPRINGFIELD,OR,97477,794039.0,1,44.061482943,-123.0175581,Oregon,354.0,Lane,OregonLane County,16.9,5982.599999999999,135.0
BRONSON BATTLE CREEK,NUC MED HOT LAB STE 1642 FL 1 300 NORTH AVE, BATTLE CREEK,MI,49017-3307,774278.0,1,42.359282712,-85.18737703,Michigan,139.0,Calhoun,MichiganCalhoun County,21.9,3044.1,69.0
ASCENSION ST VINCENT INDIANAPOLIS,8301 HARCOURT RD STE 100, INDIANAPOLIS,IN,46260-2082,796627.0,1,39.899175931,-86.18573892,Indiana,751.0,Marion,IndianaMarion County,23.6,17723.600000000002,401.0
MARY & DICK HEIMANN CANCER CENTER/ASANTE ROGUE REGIONAL MEDICAL CENTER,2825 E. BARNETT RD, MEDFORD,OR,97504,764985.0,1,42.336491723,-122.8409336,Oregon,322.0,Jackson,OregonJackson County,31.8,10239.6,232.0
PROVIDENCE MEDFORD MEDICAL CENTER,1111 CRATER LAKE AV DIAGNOSTIC IMAGING NUCLEAR MEDICINE DEPT, MEDFORD,OR,97504,776633.0,1,42.336491723,-122.8409336,Oregon,100.0,Jackson,OregonJackson County,31.8,3180.0,72.0
IU HEALTH UNIVERSITY HOSPITAL,550 N UNIVERSITY BLVD RM 0670 KEY PAD CODE 7777, INDIANAPOLIS,IN,46202,774698.0,5,39.783174123,-86.15931814,Indiana,1274.0,Marion,IndianaMarion County,23.6,150332.0,3400.0
COMMUNITY HOSPITAL EAST,1500 N. RITTER AVENUE, INDIANAPOLIS,IN,46219,806049.0,1,39.781654256,-86.0498015,Indiana,385.0,Marion,IndianaMarion County,23.6,9086.0,206.0
KARMANOS CANCER INSTITUTE AT MCLAREN GREATER LANSING,3520 FOREST RD., LANSING,MI,48910,766901.0,1,42.699749069,-84.54726407,Michigan,193.0,Ingham,MichiganIngham County,22.2,4284.599999999999,97.0
SUTTER ROSEVILLE MEDICAL CENTER,1 MEDICAL PLAZA, ROSEVILLE,CA,95661,777301.0,1,38.738998876,-121.2505377,California,343.0,Placer,CaliforniaPlacer County,26.9,9226.699999999999,209.0
PARKVIEW REGIONAL MEDICAL CENTER,PARKVIEW OUTPATIENT CTR NUC MEDICINE DEPT 11141 PARKVIEW PLAZA DR STE 100, FORT WAYNE,IN,46845,803953.0,1,41.197290217,-85.11514419,Indiana,784.0,Allen,IndianaAllen County,23.6,18502.4,419.0
REGIONAL ONE HEALTH,877 JEFFERSON AVE, MEMPHIS,TN,38103,787649.0,1,35.153051828,-90.05446216,Tennessee,291.0,Shelby,TennesseeShelby County,21.2,6169.2,140.0
BAPTIST MEMORIAL HOSPITAL MEMPHIS,6019 WALNUT GROVE RD, MEMPHIS,TN,38120,764991.0,1,35.121364628,-89.86251281,Tennessee,800.0,Shelby,TennesseeShelby County,21.2,16960.0,384.0
MAJOR HOSPITAL,2455 INTELLIPLEX DRIVE, SHELBYVILLE,IN,46176,774701.0,1,39.521977502,-85.77544506,Indiana,46.0,Shelby,IndianaShelby County,23.6,1085.6000000000001,25.0
WILLIS-KNIGHTON,2600 KINGS HIGHWAY, SHREVEPORT,LA,71103,764716.0,1,32.493970049,-93.77433822,Louisiana,674.0,Caddo Parish,LouisianaCaddo Parish County,23.6,15906.400000000001,360.0
COLUMBUS REGIONAL HEALTH,MAIN HOSPITAL FL 1 2400 E 17TH ST, COLUMBUS,IN,47201-5351,775855.0,1,39.192405137,-85.94539946,Indiana,213.0,Bartholomew,IndianaBartholomew County,23.6,5026.8,114.0
OCHSNER LSU HEALTH SHREVEPORT,1541 KINGS HIGHWAY, SHREVEPORT,LA,71103,793652.0,2,32.493970049,-93.77433822,Louisiana,237.0,Caddo Parish,LouisianaCaddo Parish County,23.6,11186.400000000001,253.0
UNIVERSITY OF CALIFORNIA DAVIS MEDICAL CENTER,4301 X STREET, SACRAMENTO,CA,95817,793611.0,5,38.550001578,-121.4569298,California,661.0,Sacramento,CaliforniaSacramento County,25.9,85599.5,1936.0
CHRISTUS SHREVEPORT-BOSSIER HEALTH SYSTEM,1453 EAST BERT KOUNS IND LOOP, SHREVEPORT,LA,71105,793650.0,1,32.458833975,-93.71359384,Louisiana,199.0,Bossier Parish,LouisianaBossier Parish County,23.6,4696.400000000001,106.0
DESERT REGIONAL COMPREHENSIVE CANCER CENTER,1180 N. INDIAN CANYON DRIVE SUITE E218, PALM SPRINGS,CA,92262,787690.0,1,33.843214292,-116.539073,California,326.0,Riverside,CaliforniaRiverside County,21.0,6846.0,155.0
LOMA LINDA UNIVERSITY HEALTH,11234 ANDERSON ST., LOMA LINDA,CA,92354,791633.0,2,34.05152544,-117.2503633,California,437.0,San Bernardino,CaliforniaSan Bernardino County,24.3,21238.2,480.0
ADVENTIST HEALTH BAKERSFIELD,ADVENTIST HEALTH 2615 CHESTER AVE FL 1, BAKERSFIELD,CA,93301,775671.0,1,35.386975707,-119.0185023,California,254.0,Kern,CaliforniaKern County,24.1,6121.400000000001,138.0
MICHIGAN MEDICINE - UNIVERSITY HOSPITAL,1500 E MEDICAL CENTER DR NUCLEAR MEDICINE THERAPY CLINIC (UH B1H320) ATTN: MEGHAN DOYLE CLINIC CARE COOR, ANN ARBOR,MI,48109,792843.0,2,42.2816283,-83.7321566,Michigan,954.0,Washtenaw,MichiganWashtenaw County,26.5,50562.0,1144.0
KAISER PERMANENTE ANTIOCH MEDICAL CTR,4501 SAND CREEK RD, ANTIOCH,CA,94531-8687,775803.0,1,37.969303715,-121.7753497,California,144.0,Contra Costa,CaliforniaContra Costa County,22.7,3268.7999999999997,74.0
DEPARTMENT OF RADIOLOGY CITY OF HOPE NATIONAL CANCER CENTER,1500 EAST DUARTE ROAD, DUARTE,CA,91010,765665.0,5,34.137707448,-117.9658366,California,234.0,Los Angeles,CaliforniaLos Angeles County,23.1,27027.0,611.0
THE UNIVERSITY OF TOLEDO MEDICAL CENTER,3000 ARLINGTON AVENUE, TOLEDO,OH,43614,793299.0,2,41.602521284,-83.63368707,Ohio,212.0,Lucas,OhioLucas County,27.4,11617.599999999999,263.0
QUEEN OF THE VALLEY MEDICAL CENTER,1000 TRANCAS STREET, NAPA,CA,94558,792225.0,1,38.326300318,-122.3031638,California,139.0,Napa,CaliforniaNapa County,26.8,3725.2000000000003,84.0
COREWELL HEALTH WILLIAM BEAUMONT UNIVERSITY HOSPITAL,RADIOPHARMACY NUC MED 3601 W 13 MILE RD 1ST FL N ENTRANCE, ROYAL OAK,MI,48073,776744.0,2,42.519601503,-83.16398859,Michigan,1026.0,Oakland,MichiganOakland County,23.8,48837.6,1105.0
ST JUDE MEDICAL CENTER,101 EAST VALENCIA MESA, FULLERTON,CA,92835,792528.0,1,33.901380952,-117.9081624,California,290.0,Orange,CaliforniaOrange County,21.6,6264.0,142.0
THE MEDICAL CENTER CANCER TREATMENT CENTER,250 PARK ST. FL 1, BOWLING GREEN,KY,42101-1760,799978.0,1,37.007299306,-86.45311629,Kentucky,304.0,Warren,KentuckyWarren County,24.8,7539.2,171.0
NORRIS CANCER CENTER OF USC,1441 EASTLAKE AVE, LOS ANGELES,CA,90033,761425.0,5,34.048306256,-118.2089841,California,60.0,Los Angeles,CaliforniaLos Angeles County,23.1,6930.0,157.0
HENRY FORD WYANDOTTE HOSPITAL,CAHALAN BLDG 2333 BIDDLE AVE GRD FL, WYANDOTTE,MI,48192-4668,776929.0,1,42.210162499,-83.16410272,Michigan,277.0,Wayne,MichiganWayne County,27.1,7506.700000000001,170.0
KARMANOS CANCER INSTITUTE,4100 JOHN R STREET, DETROIT,MI,48201,766905.0,1,42.349540466,-83.06210362,Michigan,102.0,Wayne,MichiganWayne County,27.1,2764.2000000000003,63.0
KARMANOS CANCER INSTITUTE - MCLAREN MACOMB,NUC MED DEPT 1000 HARRINGTON ST 1ST FL, MT. CLEMENS,MI,48043-2920,766904.0,1,42.597273854,-82.88159889,Michigan,271.0,Macomb,MichiganMacomb County,26.1,7073.1,160.0
UNIVERSITY OF CALIFORNIA LOS ANGELES MEDICAL CENTER,200 UCLA MEDICAL PLAZA UCLA NUCLEAR MEDICINE SUITE B-114, LOS ANGELES,CA,90095,793794.0,5,34.0656473788973,-118.445760006641,California,446.0,Los Angeles,CaliforniaLos Angeles County,23.1,51513.0,1165.0
KETTERING HEALTH,3535 SOUTHERN BLVD, KETTERING,OH,45429,778390.0,1,39.687658878,-84.1556487,Ohio,386.0,Montgomery,OhioMontgomery County,29.7,11464.199999999999,259.0
LONG BEACH MEMORIALCARE MEDICAL CENTER,2801 ATLANTIC AVE, LONG BEACH,CA,90806,793179.0,1,33.799910238,-118.1920309,California,369.0,Los Angeles,CaliforniaLos Angeles County,23.1,8523.9,193.0
TRIHEALTH GOOD SAMARITAN HOSPITAL - CINCINNATI,375 DIXMYTH AVE, CINCINNATI,OH,45220,793300.0,1,39.143213571,-84.52309863,Ohio,362.0,Hamilton,OhioHamilton County,22.6,8181.200000000001,185.0
THE CHRIST HOSPITAL,2139 AUBURN AVE, CINCINNATI,OH,45219,792405.0,1,39.126967354,-84.51346704,Ohio,442.0,Hamilton,OhioHamilton County,22.6,9989.2,226.0
ST. ELIZABETH HEALTHCARE,YUNG FAMILY CANCER CENTER ONE MEDICAL VILLAGE DR, EDGEWOOD,KY,41017,766064.0,1,39.031648482,-84.56712156,Kentucky,438.0,Kenton,KentuckyKenton County,24.0,10512.0,238.0
UNIVERSITY OF CALIFORNIA SAN FRANCISCO,1825 4TH ST, SAN FRANCISCO,CA,94158,804917.0,5,37.773062387,-122.3935903,California,887.0,San Francisco,CaliforniaSan Francisco County,21.4,94909.0,2147.0
EL CAMINO HEALTH - MOUNTAIN VIEW HOSPITAL,2500 GRANT RD., MOUNTAIN VIEW,CA,94040,792535.0,1,37.38791447,-122.0903324,California,400.0,Santa Clara,CaliforniaSanta Clara County,21.3,8520.0,193.0
VANDERBILT UNIVERSITY MEDICAL CENTER,1211 MEDICAL CENTER DRIVE, NASHVILLE,TN,37232,791168.0,5,36.1412653288421,-86.8016446911816,Tennessee,1084.0,Davidson,TennesseeDavidson County,24.8,134416.0,3040.0
CALIFORNIA PACIFIC MEDICAL CENTER,45 CASTRO STREET, SAN FRANCISCO,CA,94114,776141.0,1,37.758713127,-122.434996,California,105.0,San Francisco,CaliforniaSan Francisco County,21.4,2247.0,51.0
STANFORD HOSPITAL AND CLINICS,300 PASTEUR DR SUITE NO. H2221, PALO ALTO,CA,94305,796982.0,5,37.422833834,-122.1598761,California,705.0,Santa Clara,CaliforniaSanta Clara County,21.3,75082.5,1698.0
NORTH MISSISSIPPI MEDICAL CENTER RADIATION ONCOLOGY,990 S. MADISON STREET SUITE 1, TUPELO,MS,38801,765102.0,1,34.239306712,-88.7525842,Mississippi,476.0,Lee,MississippiLee County,23.3,11090.800000000001,251.0
DOMINICAN HOSPITAL,1555 SOQUEL DR, SANTA CRUZ,CA,95065-1705,792770.0,1,37.002873116,-121.9841684,California,202.0,Santa Cruz,CaliforniaSanta Cruz County,30.2,6100.4,138.0
UT HEALTH SAN ANTONIO,8300 FLOYD CURL DRIVE, SAN ANTONIO,TX,78229,778208.0,5,29.507285337,-98.56956036,Texas,669.0,Bexar,TexasBexar County,17.9,59875.49999999999,1354.0
SHARP MEMORIAL HOSPITAL,7901 FROST ST, SAN DIEGO,CA,92123,798539.0,1,32.801094335,-117.1369094,California,745.0,San Diego,CaliforniaSan Diego County,29.4,21903.0,495.0
SCRIPPS MERCY,4077 FIFTH AVE, SAN DIEGO,CA,92103,765163.0,1,32.746139496,-117.162339,California,487.0,San Diego,CaliforniaSan Diego County,29.4,14317.8,324.0
UC SAN DIEGO HEALTH,200 WEST ARBOR DR, SAN DIEGO,CA,92103,805774.0,5,32.746139496,-117.162339,California,828.0,San Diego,CaliforniaSan Diego County,29.4,121716.0,2753.0
MARIAN REGIONAL MEDICAL CENTER,1400 EAST CHURCH STREET, SANTA MARIA,CA,93454,794286.0,1,34.952978665,-120.4184992,California,238.0,Santa Barbara,CaliforniaSanta Barbara County,37.5,8925.0,202.0
UK HEALTHCARE,800 ROSE ST PAVILION H GRD FL RM N049A, LEXINGTON,KY,40536,792328.0,5,38.0315428114611,-84.5073971199051,Kentucky,1129.0,Fayette,KentuckyFayette County,25.2,142254.0,3218.0
BAPTIST HEALTH LEXINGTON,1740 NICHOLASVILLE RD, LEXINGTON,KY,40503,797510.0,1,38.005908764,-84.53361936,Kentucky,434.0,Fayette,KentuckyFayette County,25.2,10936.8,247.0
CHI SAINT JOSEPH EAST,150 N EAGLE CREEK DR, LEXINGTON,KY,40509,793239.0,1,38.008398956,-84.41747868,Kentucky,138.0,Fayette,KentuckyFayette County,25.2,3477.6,79.0
UNIVERSITY OF MISSISSIPPI MEDICAL CENTER,2500 NORTH STATE STREET, JACKSON,MS,39216,792368.0,2,32.338049775,-90.16851755,Mississippi,759.0,Hinds,MississippiHinds County,37.3,56621.399999999994,1281.0
ST. DOMINIC HOSPITAL,969 LAKELAND DRIVE, JACKSON,MS,39216,775078.0,1,32.338049775,-90.16851755,Mississippi,526.0,Hinds,MississippiHinds County,37.3,19619.8,444.0
BAPTIST MEMORIAL HOSPITAL - GOLDEN TRIANGLE,2520 5TH STREET NORTH, COLUMBUS,MS,39705,764610.0,1,33.560531308,-88.41904199,Mississippi,146.0,Lowndes,MississippiLowndes County,24.0,3504.0,79.0
HOUSTON METHODIST HOSPITAL,6565 FANNIN ST, HOUSTON,TX,77030,774618.0,1,29.703990769,-95.40888813,Texas,976.0,Harris,TexasHarris County,23.1,22545.600000000002,510.0
CLEVELAND CLINIC FAIRVIEW HOSPITAL- RADIOLOGY,MAIN BLDG RAD STE FL 1 18101 LORAIN AVE, CLEVELAND,OH,44111-5612,803874.0,1,41.457110645,-81.78492061,Ohio,466.0,Cuyahoga,OhioCuyahoga County,26.3,12255.800000000001,277.0
METROHEALTH,2500 METROHEALTH DRIVE, CLEVELAND,OH,44109,807149.0,1,41.442622302,-81.70161692,Ohio,501.0,Cuyahoga,OhioCuyahoga County,26.3,13176.300000000001,298.0
CLEVELAND CLINIC MAIN CAMPUS,2035 EAST 86TH STREET, CLEVELAND,OH,44195,803403.0,1,41.5024927282162,-81.6267546196866,Ohio,1288.0,Cuyahoga,OhioCuyahoga County,26.3,33874.4,766.0
UNIVERSITY HOSPITALS OF CLEVELAND,11100 EUCLID AVE., CLEVELAND,OH,44106,800618.0,2,41.507787438,-81.60414519,Ohio,656.0,Cuyahoga,OhioCuyahoga County,26.3,34505.6,781.0
LAKE CHARLES MEMORIAL HOSPITAL-RADIATION ONCOLOGY,1701 OAK PARK BLVD, LAKE CHARLES,LA,70601,775871.0,1,30.221588099,-93.20408846,Louisiana,227.0,Calcasieu Parish,LouisianaCalcasieu Parish County,23.6,5357.200000000001,121.0
CLEVELAND CLINIC HILLCREST HOSPITAL,6780 MAYFIELD RD STE MLL-3 GROUND FL, MAYFIELD HEIGHTS,OH,44124-2203,803404.0,1,41.515101669,-81.46423693,Ohio,483.0,Cuyahoga,OhioCuyahoga County,26.3,12702.9,287.0
UNIVERSITY OF TEXAS MEDICAL BRANCH,301 UNIVERSITY BLVD, GALVESTON,TX,77555,803487.0,2,29.3117739160595,-94.7781268238767,Texas,837.0,Galveston,TexasGalveston County,21.5,35991.0,814.0
OPELOUSAS GENERAL HEALTH SYSTEM,3983 1-49 S SERVICE RD, OPELOUSAS,LA,70570,792044.0,1,30.526994444,-92.09492581,Louisiana,151.0,St. Landry Parish,LouisianaSt. Landry Parish County,23.6,3563.6000000000004,81.0
SOUTHWEST MISSISSIPPI REGIONAL MEDICAL CENTER,215 MARION AVENUE, MCCOMB,MS,39648,763830.0,1,31.228549266,-90.43921769,Mississippi,97.0,Pike,MississippiPike County,38.8,3763.6,85.0
LOURDES ONCOLOGICS,4809 AMBASSADOR CAFFERY SUITE 100, LAFAYETTE,LA,70508,792838.0,1,30.157327882,-92.02901043,Louisiana,383.0,Lafayette Parish,LouisianaLafayette Parish County,23.6,9038.800000000001,204.0
ARH CANCER CENTER- ARH HAZARD REGIONAL MEDICAL CENTER,100 AND 101 MEDICAL CENTER DRIVE, HAZARD,KY,41701,792326.0,1,37.272508485,-83.19432853,Kentucky,103.0,Perry,KentuckyPerry County,24.2,2492.6,56.0
ST. MARY'S MEDICAL CENTER RADIATION ONCOLOGY,2900 1ST AVENUE, HUNTINGTON,WV,25702,778675.0,1,38.429876682,-82.38854718,West Virginia,362.0,Cabell,West VirginiaCabell County,22.2,8036.4,182.0
UNIVERSITY OF ALABAMA AT BIRMINGHAM HOSPITAL (UAB),619 19TH STREET SOUTHNUCLEAR MEDICINE 7TH FLOOR JEFFERSON TOWERS, BIRMINGHAM,AL,35233,764885.0,5,33.509076002,-86.80313291,Alabama,1149.0,Jefferson,AlabamaJefferson County,24.6,141327.0,3197.0
TENNOVA HEALTHCARE- TURKEY CREEK MEDICAL CENTER,10820 PARKSIDE DRIVE, KNOXVILLE,TN,37934,778665.0,1,35.875462779,-84.17345055,Tennessee,219.0,Knox,TennesseeKnox County,23.2,5080.8,115.0
ST. ELIZABETH YOUNGSTOWN HOSPITAL,1044 BELMONT AVENUE, YOUNGSTOWN,OH,44501,775452.0,1,41.1144414993365,-80.6575210908762,Ohio,323.0,Mahoning,OhioMahoning County,17.2,5555.599999999999,126.0
OCHSNER HEALTH,17050 MEDICAL CENTER DRIVE, BATON ROUGE,LA,70816,766890.0,1,30.426256372,-91.03476795,Louisiana,171.0,E. Baton Rouge Parish,LouisianaE. Baton Rouge Parish County,23.6,4035.6000000000004,91.0
UNIVERSITY OF TENNESSEE MEDICAL CENTER,1924 ALCOA HIGHWAY, KNOXVILLE,TN,37920,803416.0,2,35.923128694,-83.8869914,Tennessee,698.0,Knox,TennesseeKnox County,23.2,32387.2,733.0
FORREST GENERAL HOSPITAL,6051 HWY 49, HATTIESBURG,MS,39401,766307.0,1,31.307507516,-89.31010542,Mississippi,454.0,Forrest,MississippiForrest County,28.1,12757.400000000001,289.0
PEEPLES CANCER INSTITUTE - HAMILTON MEDICAL CENTER,1215 MEMORIAL DR., DALTON,GA,30720,764800.0,1,34.77019189,-84.98638452,Georgia,239.0,Whitfield,GeorgiaWhitfield County,17.5,4182.5,95.0
TRINITY MEDICAL CENTER WEST CAMPUS,4000 JOHNSON RD, STEUBENVILLE,OH,43952,793303.0,1,40.374723399,-80.63924761,Ohio,154.0,Jefferson,OhioJefferson County,16.9,2602.6,59.0
ATRIUM HEALTH FLOYD MEDICAL CENTER RADIATION ONCOLOGY,304 TURNER MCCALL BLVD 2ND MAIN FL, ROME,GA,30165-5621,775338.0,1,34.285789243,-85.22154762,Georgia,227.0,Floyd,GeorgiaFloyd County,18.2,4131.4,93.0
NORTHEAST ALABAMA REGIONAL MEDICAL CENTER,400 EAST 10TH STREET, ANNISTON,AL,36207,778593.0,1,33.652188023,-85.77141516,Alabama,295.0,Calhoun,AlabamaCalhoun County,18.8,5546.0,125.0
ST. TAMMANY CANCER CENTER,900 OCHSNER BOULEVARD, COVINGTON,LA,70433,777524.0,1,30.457395893,-90.10485821,Louisiana,229.0,St. Tammany Parish,LouisianaSt. Tammany Parish County,23.6,5404.400000000001,122.0
UPMC WASHINGTON,155 WILSON AVE, WASHINGTON,PA,15301,793885.0,2,40.174269226,-80.25306158,Pennsylvania,214.0,Washington,PennsylvaniaWashington County,25.5,10914.0,247.0
INDIAN PATH COMMUNITY HOSPITAL,2000 BROOKSIDE DRIVE, KINGSPORT,TN,37660,781661.0,1,36.551921542,-82.55645723,Tennessee,40.0,Sullivan,TennesseeSullivan County,20.7,828.0,19.0
UPMC CHAUTAUQUA AT WCA,207 FOOTE AVE STE NM FL 1, JAMESTOWN,NY,14701-7077,776272.0,2,42.092986324,-79.24368222,New York,257.0,Chautauqua,New YorkChautauqua County,17.5,8995.0,203.0
WEST PENN HOSPITAL,4800 FRIENDSHIP AVENUE, PITTSBURGH,PA,15224,793729.0,1,40.463432327,-79.94649758,Pennsylvania,255.0,Allegheny,PennsylvaniaAllegheny County,28.7,7318.5,166.0
ROSWELL PARK COMPREHENSIVE CANCER CENTER,ELM AND CARLTON STREETS, BUFFALO,NY,14263,785463.0,5,42.8992438817688,-78.8645657465811,New York,157.0,Erie,New YorkErie County,20.5,16092.5,364.0
NORTHSIDE HOSPITAL CHEROKEE,450 NORTHSIDE CHEROKEE BLVD, CANTON,GA,30115,764802.0,1,34.202274915,-84.42424994,Georgia,325.0,Cherokee,GeorgiaCherokee County,35.4,11505.0,260.0
MEMORIAL HEALTH SYSTEM,MEMORIAL CANCER CENTER 1340 BROAD AVENUE SUITE 140, GULFPORT,MS,39501,767063.0,1,30.380640173,-89.099107,Mississippi,285.0,Harrison,MississippiHarrison County,25.8,7353.0,166.0
WVU MEDICINE,ONE MEDICAL CENTER DRIVE, MORGANTOWN,WV,26506,775772.0,2,39.6498,-79.9628,West Virginia,716.0,Monongalia,West VirginiaMonongalia County,16.8,24057.600000000002,544.0
MON HEALTH MEDICAL CENTER,FL 2 1200 JD ANDERSON DR, MORGANTOWN,WV,26505-3494,776552.0,1,39.651151768,-79.95271033,West Virginia,160.0,Monongalia,West VirginiaMonongalia County,16.8,2688.0,61.0
NORTHSIDE HOSPITAL FORSYTH,1200 NORTHSIDE FORSYTH BLVD, CUMMING,GA,30041,764801.0,1,34.175679422,-84.11485684,Georgia,376.0,Forsyth,GeorgiaForsyth County,27.1,10189.6,230.0
NORTHSIDE HOSPITAL,1000 JOHNSON FERRY ROAD NE, ATLANTA,GA,30342,761636.0,1,33.887235545,-84.37566993,Georgia,673.0,Fulton,GeorgiaFulton County,29.5,19853.5,449.0
PIEDMONT HOSPITAL - RADIATION ONCOLOGY,1800 HOWELL MILL RD, ATLANTA,GA,30318,791243.0,1,33.792942109,-84.4431029,Georgia,574.0,Fulton,GeorgiaFulton County,29.5,16933.0,383.0
NORTHEAST GEORGIA MEDICAL CENTER-GAINESVILLE,BLUE TOWER FL 1 743 SPRING ST, GAINESVILLE,GA,30501-3715,764804.0,1,34.312499876,-83.82364332,Georgia,657.0,Hall,GeorgiaHall County,26.8,17607.600000000002,398.0
GRADY HEALTH SYS,GRADY MEMORIAL HOSP 80 JESSE HILL JR DR SE STE 3A FL 114, ATLANTA,GA,30303,774110.0,1,33.753831187,-84.38814425,Georgia,707.0,Fulton,GeorgiaFulton County,29.5,20856.5,472.0
PRINCETON COMMUNITY HOSPITAL ASSOCIATION INC,122 TWELFTH ST FL 1, PRINCETON,WV,24740-2312,792955.0,1,37.374924327,-81.09459927,West Virginia,124.0,Mercer,West VirginiaMercer County,17.4,2157.6,49.0
WELLSTAR WEST GEORGIA MEDICAL CENTER - ENOCH CALLAWAY CANCER CENTER,111 MEDICAL DR, LAGRANGE,GA,30240,806920.0,1,33.040238977,-85.07330724,Georgia,276.0,Troup,GeorgiaTroup County,22.8,6292.8,142.0
MOBILE INFIRMARY MEDICAL CENTER,5 MOBILE INFIRMARY CIRCLE, MOBILE,AL,36607,782695.0,1,30.69754855,-88.10246205,Alabama,521.0,Mobile,AlabamaMobile County,18.4,9586.4,217.0
NORTHSIDE HOSPITAL GWINNETT,1000 MEDICAL CENTER BLVD., LAWRENCEVILLE,GA,30046-7694,764807.0,1,33.944522184,-83.9945105,Georgia,440.0,Gwinnett,GeorgiaGwinnett County,22.2,9768.0,221.0
PIEDMONT FAYETTE HOSPITAL,BLDG 1255 STE CORE FL 1 1255 HWY 54W, FAYETTEVILLE,GA,30214-4526,791247.0,1,33.485513102,-84.47718513,Georgia,299.0,F,GeorgiaF County,23.6,7056.400000000001,160.0
DAVIS MEDICAL CENTER,812 GORMAN AVENUE, ELKINS,WV,26241,775773.0,1,38.924247936,-79.85369747,West Virginia,90.0,Randolph,West VirginiaRandolph County,16.7,1503.0,34.0
DLP CONEMAUGH MEMORIAL MEDICAL CENTER LLC,1086 FRANKLIN ST, JOHNSTOWN,PA,15905,794913.0,1,40.303329186,-78.94310179,Pennsylvania,260.0,Cambria,PennsylvaniaCambria County,22.4,5824.0,132.0
RRH- UNITY HOSPITAL,1555 LONG POND RD, ROCHESTER,NY,14626,776269.0,1,43.215479367,-77.70642157,New York,283.0,Monroe,New YorkMonroe County,39.3,11121.9,252.0
JOHN B AMOS CANCER CENTER PIEDMONT COLUMBUS REGIONAL MIDTOWN,1831 5TH AVENUE JBACC RADIATION ONCOLOGY, COLUMBUS,GA,31904,791241.0,1,32.52539645,-84.97826832,Georgia,372.0,Muscogee,GeorgiaMuscogee County,20.5,7626.0,172.0
GREENVILLE MEMORIAL HOSPITAL,701 GROVE RD NUC MED DEPT FACILITY CODE 10108 7121, GREENVILLE,SC,29605,806525.0,1,34.793873435,-82.38751358,South Carolina,712.0,Greenville,South CarolinaGreenville County,26.8,19081.600000000002,432.0
ANMED NORTH CAMPUS,2000 EAST GREENVILLE STREET, ANDERSON,SC,29621,795432.0,1,34.532836951,-82.62723217,South Carolina,30.0,Anderson,South CarolinaAnderson County,26.6,798.0,18.0
UPMC ALTOONA,620 HOWARD AVE STE OP146 FL OP1, ALTOONA,PA,16601-4804,792915.0,2,40.524766638,-78.40713387,Pennsylvania,315.0,Blair,PennsylvaniaBlair County,27.6,17388.0,393.0
SPARTANBURG REGIONAL MEDICAL CENTER,101 E WOOD ST, SPARTANBURG,SC,29303,765400.0,1,34.988202309,-81.96126603,South Carolina,626.0,Spartanburg,South CarolinaSpartanburg County,29.4,18404.399999999998,416.0
CATAWBA VALLEY MEDICAL CENTER,810 FAIRGROVE CHURCH RD SE NUC MED, HICKORY,NC,28602,793081.0,1,35.693113108,-81.3645347,North Carolina,200.0,Catawba,North CarolinaCatawba County,21.8,4360.0,99.0
NOVANT HEALTH FORSYTH MEDICAL CENTER,3333 SILAS CREEK PARKWAY, WINSTON-SALEM,NC,27103,775916.0,1,36.062429966,-80.31062458,North Carolina,906.0,Forsyth,North CarolinaForsyth County,28.7,26002.2,588.0
ATRIUM HEALTH WAKE FOREST BAPTIST MEDICAL CENTER,MEDICAL CENTER BOULEVARD, WINSTON-SALEM,NC,27157,775919.0,5,36.0907094631235,-80.2700646586515,North Carolina,813.0,Forsyth,North CarolinaForsyth County,28.7,116665.5,2639.0
UPMC WILLIAMSPORT,700 HIGH STREET NUCLEAR MEDICINE DEPARTMENT, WILLIAMSPORT,PA,17701-3100,793092.0,2,41.252273146,-77.01771436,Pennsylvania,227.0,Lycoming,PennsylvaniaLycoming County,21.7,9851.8,223.0
CENTRA HEALTH,1901 TATE SPRINGS RD, LYNCHBURG,VA,24501,774339.0,1,37.389007391,-79.17200028,Virginia,452.0,Lynchburg City,VirginiaLynchburg City County,23.6,10667.2,241.0
NOVANT HEALTH PRESBYTERIAN MEDICAL CENTER,200 HAWTHORNE LANE, CHARLOTTE,NC,28204,805715.0,1,35.213690184,-80.82477599,North Carolina,580.0,Mecklenburg,North CarolinaMecklenburg County,28.3,16414.0,371.0
SAMARITAN MEDICAL CENTER,830 WASHINGTON STREET, WATERTOWN,NY,13601,775581.0,1,43.975185267,-75.90841275,New York,165.0,Jefferson,New YorkJefferson County,26.7,4405.5,100.0
UPSTATE MEDICAL UNIVERSITY,750 EAST ADAMS STREET, SYRACUSE,NY,13210,776273.0,1,43.034439988,-76.12664138,New York,645.0,Onondaga,New YorkOnondaga County,21.0,13545.0,306.0
RADIATION ONCOLOGY CENTERS OF THE CAROLINAS-MATTHEWS,1400 MATTHEWS TOWNSHIP PARKWAY, MATTHEWS,NC,28105,805901.0,1,35.122550832,-80.71775109,North Carolina,157.0,Mecklenburg,North CarolinaMecklenburg County,28.3,4443.1,101.0
PHOEBE PUTNEY MEMORIAL HOSPITAL INC.,417 W. THIRD AVE, ALBANY,GA,31701,798793.0,1,31.5736307,-84.16066418,Georgia,360.0,Dougherty,GeorgiaDougherty County,26.6,9576.0,217.0
WELLSTAR MCG HEALTH,1120 15TH STREET, AUGUSTA,GA,30912,791666.0,1,33.4715630614801,-81.9878411471539,Georgia,498.0,Richmond,GeorgiaRichmond County,28.7,14292.6,323.0
PENN STATE HERSHEY MEDICAL CENTER,500 UNIVERSITY DR, HERSHEY,PA,17033,791519.0,2,40.274209016,-76.64946464,Pennsylvania,629.0,Dauphin,PennsylvaniaDauphin County,22.3,28053.4,635.0
INOVA SCHAR CANCER INSTITUTE,8081 INNOVATION PARK DRIVE, FAIRFAX,VA,22031,774343.0,1,38.861662785,-77.26345744,Virginia,174.0,Fairfax,VirginiaFairfax County,23.6,4106.400000000001,93.0
MARY WASHINGTON HOSPITAL,1001 SAM PERRY BOULEVARD, FREDERICKSBURG,VA,22401,774340.0,1,38.298985157,-77.47972219,Virginia,414.0,Spotsylvania,VirginiaSpotsylvania County,23.6,9770.400000000001,221.0
VIRGINIA HOSPITAL CENTER ARLINGTON HEALTH SYSTEM,1701 NORTH GEORGE MASON DRIVE, ARLINGTON,VA,22205,775637.0,1,38.883476729,-77.13930215,Virginia,385.0,Arlington,VirginiaArlington County,23.6,9086.0,206.0
EDWARDS CENTER @ COLQUITT REGIONAL MEDICAL CENTER,3131 SOUTH MAIN ST, MOULTRIE,GA,31768,764810.0,1,31.17584685,-83.80277095,Georgia,100.0,Colquitt,GeorgiaColquitt County,21.2,2120.0,48.0
UNC MEDICAL CENTER,101 MANNING DRIVE, CHAPEL HILL,NC,27514,792692.0,5,35.944914339,-79.03830677,North Carolina,809.0,Orange,North CarolinaOrange County,34.7,140361.5,3175.0
DUKE UNIVERSITY HEALTH SYSTEM,200 TRENT DRIVE, DURHAM,NC,27710,805713.0,5,36.0041763390633,-78.9362615335185,North Carolina,1079.0,Durham,North CarolinaDurham County,31.9,172100.5,3893.0
PENN MEDICINE LANCASTER GENERAL HEALTH,555 NORTH DUKE STREET, LANCASTER,PA,17602,801294.0,2,40.03291918,-76.2753577,Pennsylvania,620.0,Lancaster,PennsylvaniaLancaster County,23.4,29016.0,656.0
UNIVERSITY OF MARYLAND MEDICAL CENTER,22 S. GREENE STREET, BALTIMORE,MD,21202,795858.0,5,39.298255778,-76.60866548,Maryland,762.0,Baltimore City,MarylandBaltimore City County,23.6,89916.0,2034.0
JOHNS HOPKINS HOSPITAL,601 N. CAROLINE STREET, BALTIMORE,MD,21287,792343.0,5,39.2968789384155,-76.5930241397783,Maryland,1042.0,Baltimore City,MarylandBaltimore City County,23.6,122956.00000000001,2781.0
MEDSTAR FRANKLIN SQUARE RADIATION ONCOLOGY CENTER,WHITESQUARE BLDG 9105 FRANKLIN SQ DR STE 100 FL 1, BALTIMORE,MD,21237-5333,795718.0,1,39.343808371,-76.49278247,Maryland,357.0,Baltimore,MarylandBaltimore County,22.5,8032.5,182.0
THE MARY IMOGENE BASSETT HOSPITAL (DBA) BASSETT MEDICAL CENTER,1 ATWELL RD, COOPERSTOWN,NY,13326,780048.0,1,42.704543124,-74.92455965,New York,160.0,Otsego,New YorkOtsego County,26.1,4176.0,94.0
ANNE ARUNDEL UROLOGY PA,600 RIDGLEY AVENUE SUITE 130, ANNAPOLIS,MD,21401,794171.0,1,38.982444649,-76.53431269,Maryland,400.0,Anne Arundel,MarylandAnne Arundel County,20.1,8040.000000000001,182.0
SGMC PEARLMAN CANCER CENTER,2501 N. PATTERSON STREET, VALDOSTA,GA,31602,764811.0,1,30.8708106,-83.30370908,Georgia,261.0,Lowndes,GeorgiaLowndes County,21.1,5507.1,125.0
LEHIGH VALLEY HEALTH NETWORK,1200 SOUTH CEDAR CREST BLVD, ALLENTOWN,PA,18103,787641.0,1,40.576939877,-75.47494619,Pennsylvania,1216.0,Lehigh,PennsylvaniaLehigh County,26.1,31737.600000000002,718.0
MCLEOD RADIATION ONCOLOGY,MCLEOD CANCER CTR BLDG 1 555 E CHEVES ST PET/CT FL 1, FLORENCE,SC,29506,770588.0,1,34.201114429,-79.70858474,South Carolina,524.0,Florence,South CarolinaFlorence County,15.4,8069.6,183.0
CAPE FEAR VALLEY MEDICAL CENTER - ONCOLOGY CENTER,1638 OWEN DR ONC DEPT, FAYETTEVILLE,NC,28304,765551.0,1,35.026660413,-78.9739343,North Carolina,675.0,Cumberland,North CarolinaCumberland County,22.4,15119.999999999998,342.0
ST LUKE'S UNIVERSITY HEALTH NETWORK,1872 ST LUKE'S BLVD, EASTON,PA,18045,785733.0,2,40.68440193,-75.26654853,Pennsylvania,183.0,Northampton,PennsylvaniaNorthampton County,23.8,8710.800000000001,197.0
CHESTER COUNTY HOSPITAL,701 EAST MARSHALL STREET, WEST CHESTER,PA,19380,792446.0,1,39.987520284,-75.59339761,Pennsylvania,309.0,Chester,PennsylvaniaChester County,22.1,6828.900000000001,154.0
SOUTHEASTERN REGIONAL MEDICAL CENTER DBA - UNC HEALTH SOUTHEASTERN,1200 PINE RUN DRIVE, LUMBERTON,NC,28358,792894.0,2,34.620531965,-78.97938518,North Carolina,186.0,Robeson,North CarolinaRobeson County,20.9,7774.799999999999,176.0
UNIVERSITY OF PENNSYLVANIA HEALTH SYSTEM,3400 CIVIC CENTER BLVD, PHILADELPHIA,PA,19104,792705.0,5,39.959865102,-75.20180096,Pennsylvania,1011.0,Philadelphia,PennsylvaniaPhiladelphia County,32.2,162771.0,3682.0
THOMAS JEFFERSON UNIVERSITY HOSPITIAL DEPT OF RADIATION ONCOLOGY,111 S. 11TH STREET BODINE BUILDING, PHILADELPHIA,PA,19107,792921.0,5,39.949438054,-75.15913608,Pennsylvania,866.0,Philadelphia,PennsylvaniaPhiladelphia County,32.2,139426.0,3154.0
MD ANDERSON- COOPER UNIVERSITY HOSPITAL,2 COOPER PLAZA; 400 HADDON AVENUE, CAMDEN,NJ,08103,791733.0,2,39.9418064643825,-75.1170740179379,New Jersey,578.0,U.S.A.,New JerseyU.S.A. County,23.6,27281.600000000002,617.0
BAYHEALTH MEDICAL CENTER KENT CAMPUS,640 SOUTH STATE STREET, DOVER,DE,19901,801128.0,1,39.153854998,-75.51383847,Delaware,279.0,Kent,DelawareKent County,18.2,5077.8,115.0
MEMORIAL UNIVERSITY SAVANNAH RADIATION ONCOLOGY,4700 WATERS AVE ANDERSON CANCER CENTER, SAVANNAH,GA,31404,806447.0,2,32.045425495,-81.06801948,Georgia,594.0,Chatham,GeorgiaChatham County,20.3,24116.4,546.0
GLENS FALLS HOSPITAL,100 PARK ST, GLENS FALLS,NY,12801,774938.0,1,43.312210736,-73.64810658,New York,391.0,Warren,New YorkWarren County,27.9,10908.9,247.0
TRIDENT CANCER CENTER,9330 MED PLAZA DR FL 1, CHARLESTON,SC,29406-9104,807173.0,1,32.935368827,-80.0395195,South Carolina,368.0,Dorchester,South CarolinaDorchester County,17.7,6513.599999999999,147.0
CAPITAL HEALTH,ONE CAPITAL WAY, PENNINGTON,NJ,08534,776260.0,1,40.318310073,-74.78173266,New Jersey,203.0,Mercer,New JerseyMercer County,21.5,4364.5,99.0
UNIVERSITY OF VERMONT,111 COLCHESTER AVE NUC MED, BURLINGTON,VT,05401,807296.0,2,44.475941387,-73.20989817,Vermont,448.0,Chittenden,VermontChittenden County,36.8,32972.799999999996,746.0
ALBANY MEDICAL CENTER,43 NEW SCOTLAND AVE, ALBANY,NY,12208,798184.0,1,42.656166143,-73.79732716,New York,719.0,Albany,New YorkAlbany County,29.2,20994.8,475.0
MORRISTOWN MEDICAL CENTER,NUC MED FL D 100 MADISON AVE KAHN BLDG, MORRISTOWN,NJ,07960-6136,776259.0,1,40.794641023,-74.48372456,New Jersey,712.0,Morris,New JerseyMorris County,23.0,16376.0,370.0
ROPER ST. FRANCIS,W ASHLEY CANCER CTR STE 105 FL 1 2085 HENRY TECKLENBURG DR, CHARLESTON,SC,29414-7710,779291.0,1,32.822045592,-80.06437796,South Carolina,186.0,Charleston,South CarolinaCharleston County,25.1,4668.6,106.0
INSPIRA HEALTH - FRANK & EDITH SCARPA CANCER CENTER PAVILION,1505 W SHERMAN AVENUE - SCARPA PAVILION, VINELAND,NJ,08360,775238.0,1,39.488984353,-75.01834348,New Jersey,280.0,Cumberland,New JerseyCumberland County,23.0,6440.0,146.0
MUSC HEALTH UNIVERSITY MEDICAL CENTER,169 ASHLEY AVENUE SUITE NO. 327 -REGISTRATION FLOOR NO. 3 RD, CHARLESTON,SC,29425,792148.0,5,32.7852038689881,-79.9472173336974,South Carolina,932.0,Charleston,South CarolinaCharleston County,25.1,116966.0,2646.0
OVERLOOK MEDICAL CENTER,99 BEAUVOIR AVENUE, SUMMIT,NJ,07901,776033.0,1,40.715287887,-74.36413822,New Jersey,442.0,Union,New JerseyUnion County,24.3,10740.6,243.0
ROBERT WOOD JOHNSON UNIVERSITY HOSPITAL,1 ROBERT WOOD JOHNSON PL, NEW BRUNSWICK,NJ,08901,775088.0,2,40.488663935,-74.44779553,New Jersey,630.0,Middlesex,New JerseyMiddlesex County,22.4,28224.0,638.0
COOPERMAN BARNABAS MEDICAL CENTER,94 OLD SHORT HILLS RD, LIVINGSTON,NJ,07039,775423.0,1,40.789714421,-74.32102522,New Jersey,597.0,Essex,New JerseyEssex County,24.7,14745.9,334.0
SENTARA CAREPLEX RADIATION THERAPY,RAD ONC BLDG STE 100 FL 1 3000 COLISEUM DR, HAMPTON,VA,23666-5963,775648.0,1,37.051025712,-76.40771382,Virginia,169.0,Hampton City,VirginiaHampton City County,23.6,3988.4,90.0
ST. JOSEPH'S UNIVERSITY MEDICAL CENTER,703 MAIN STREET, PATERSON,NJ,07726,775086.0,2,40.297851704,-74.33333558,New Jersey,681.0,Passaic,New JerseyPassaic County,19.7,26831.399999999998,607.0
HACKENSACK MERIDIAN MOUNTAINSIDE MEDICAL CENTER,1 BAY AVE, MONTCLAIR,NJ,07042,776034.0,1,40.812903857,-74.21593267,New Jersey,193.0,Essex,New JerseyEssex County,24.7,4767.099999999999,108.0
THE VALLEY HOSPITAL,223 NORTH VAN DIEN AVENUE, RIDGEWOOD,NJ,07450,773208.0,1,40.981820908,-74.11281061,New Jersey,385.0,Bergen,New JerseyBergen County,19.6,7546.000000000001,171.0
NYP HUDSON VALLEY HOSPITAL,1980 CROMPOND ROAD, CORTLANDT MANOR,NY,10567,802399.0,1,41.296033014,-73.88617552,New York,128.0,Westchester,New YorkWestchester County,26.6,3404.8,77.0
JOHN THEURER CANCER CENTER OF HUMC,92 SECOND STREET, HACKENSACK,NJ,07601,797295.0,2,40.889338607,-74.05051446,New Jersey,769.0,Bergen,New JerseyBergen County,19.6,30144.800000000003,682.0
NEW YORK PRESBYTERIAN HOSPITAL/ WEILL CORNELL,525 EAST 68TH STREET - STARR PAVILION 2ND FLOOR, NEW YORK,NY,10065,801886.0,2,40.763994161,-73.96225419,New York,2850.0,New York,New YorkNew York County,30.7,174990.0,3958.0
SENTARA NORFOLK GENERAL HOSPITAL,600 GRESHAM DR RAD ONC DEPT, NORFOLK,VA,23507-1904,775628.0,1,36.863335523,-76.29953649,Virginia,472.0,Norfolk City,VirginiaNorfolk City County,23.6,11139.2,252.0
PHELPS MEMORIAL HOSPITAL CENTER,701 N BROADWAY, SLEEPY HOLLOW,NY,10567,776275.0,1,41.296033014,-73.88617552,New York,111.0,Westchester,New YorkWestchester County,26.6,2952.6000000000004,67.0
MOUNT SINAI HOSPITAL,1190 FIFTH AVE MC LEVEL ROOM 175, NEW YORK,NY,10029,774757.0,5,40.792182089,-73.94449021,New York,1052.0,New York,New YorkNew York County,30.7,161482.0,3653.0
NYU LANGONE HEALTH,560 FIRST AVENUE;DIVISION OF NUCLEAR MEDICINE TISCH BUILDING 2ND FLOOR, NEW YORK,NY,10016,797103.0,5,40.745370672,-73.97845095,New York,1609.0,New York,New YorkNew York County,30.7,246981.5,5587.0
MEMORIAL SLOAN KETTERING CANCER CENTER,1250 1ST AVENUE, NEW YORK,NY,10065,775907.0,5,40.763994161,-73.96225419,New York,514.0,New York,New YorkNew York County,30.7,78899.0,1785.0
MONTEFIORE MEDICAL CENTER (MOSES CAMPUS),NUCLEAR MEDICINE/FOREMAN 4 111 EAST 210 STREET, BRONX,NY,10467,775093.0,5,40.873307121,-73.87148016,New York,1444.0,Bronx,New YorkBronx County,31.0,223820.0,5063.0
NUCLEAR MEDICINE CENTER AT MONTEFIORE MEDICAL PARK,1695A EASTCHESTER RD, BRONX,NY,10461,775093.0,1,40.846638046,-73.83987203,New York,1444.0,Bronx,New YorkBronx County,31.0,44764.0,1013.0
MONMOUTH MEDICAL CENTER SOUTHERN CAMPUS,MONMOUTH SOUTHERN CAMPUS GRD FL 600 RIVER AVE, LAKEWOOD,NJ,08701-5237,773589.0,1,40.07435764,-74.20441249,New Jersey,201.0,Ocean,New JerseyOcean County,18.9,3798.8999999999996,86.0
HMH HOSPITAL CORPORATION RIVERVIEW MEDICAL CENTER,NUCLEAR MEDICINE/IMAGING HOT LAB 1 RIVERVIEW PLAZA, RED BANK,NJ,07701,803471.0,1,40.353071461,-74.07847239,New Jersey,267.0,Monmouth,New JerseyMonmouth County,23.3,6221.1,141.0
COMMUNITY MEDICAL CENTER,99 RT 37 WEST, TOMS RIVER,NJ,08755,774033.0,1,40.017049036,-74.22484873,New Jersey,410.0,Ocean,New JerseyOcean County,18.9,7748.999999999999,175.0
NEW YORK PRESBYTERIAN QUEENS,5645 MAIN STREET, FLUSHING,NY,11355,802087.0,2,40.754412665,-73.82310711,New York,476.0,Queens,New YorkQueens County,20.6,19611.2,444.0
OCEAN UNIVERSITY MEDICAL CENTER,425 JACK MARTIN BOULEVARD, BRICK,NJ,08724,804555.0,2,40.088420809,-74.11655242,New Jersey,313.0,Ocean,New JerseyOcean County,18.9,11831.4,268.0
MONMOUTH MEDICAL CENTER LONG BRANCH NJ 07740,300 2ND AVENUE, LONG BRANCH,NJ,07740-6303,773856.0,1,40.298570942,-73.99019823,New Jersey,235.0,Ocean,New JerseyOcean County,18.9,4441.5,100.0
NSUH,300 COMMUNITY DRIVE, MANHASSET,NY,11030,801493.0,2,40.79587263,-73.68806353,New York,782.0,Nassau,New YorkNassau County,21.7,33938.799999999996,768.0
NOVANT HEALTH NEW HANOVER REGIONAL MEDICAL CENTER LLC,2243 SOUTH 17TH STREET, WILMINGTON,NC,28401-7542,776282.0,1,34.227012345,-77.93750268,North Carolina,771.0,New Hanover,North CarolinaNew Hanover County,23.1,17810.100000000002,403.0
CANCER INSTITUTE AT MERCY HOSPITAL,1000 NORTH VILLAGE AVE BLDG BISHOP MCGANN IMAGING CTR NCLR DEPT FL 1, ROCKVILLE CENTRE,NY,11570-1000,778084.0,1,40.663234396,-73.63896879,New York,152.0,Nassau,New YorkNassau County,21.7,3298.4,75.0
SHANDS JACKSONVILLE MEDICAL CENTER D/B/A UF HEALTH JACKSONVILLE,NUC MEDICINE 655 W 8TH ST, JACKSONVILLE,FL,32209-6511,794319.0,2,30.359300527,-81.69294081,Florida,462.0,Duval,FloridaDuval County,20.8,19219.2,435.0
DARTMOUTH HITCHCOCK MEDICAL CENTER,1 MEDICAL CENTER DRIVE, LEBANON,NH,03756,803684.0,5,43.6754058648585,-72.2714023931071,New Hampshire,476.0,Grafton,New HampshireGrafton County,33.7,80206.0,1814.0
GRIFFIN HOSPITAL,130 DIVISION STREET, DERBY,CT,06418,763314.0,1,41.323211114,-73.07972921,Connecticut,101.0,New Haven,ConnecticutNew Haven County,29.2,2949.2,67.0
MAYO CLINIC FLORIDA,4500 SAN PABLO RD, JACKSONVILLE,FL,32224,775683.0,5,30.280853358,-81.46729086,Florida,307.0,Duval,FloridaDuval County,20.8,31928.0,722.0
GOOD SAMARITAN UNIVERSITY HOSPITAL,1000 MONTAUK HWY, WEST ISLIP,NY,11795,778085.0,2,40.71080878,-73.29855831,New York,437.0,Suffolk,New YorkSuffolk County,27.7,24209.8,548.0
UNIVERSITY OF CONNECTICUT HEALTH CENTER,263 FARMINGTON AVENUE, FARMINGTON,CT,06030,793196.0,2,41.7315248306737,-72.7911300178228,Connecticut,165.0,Hartford,ConnecticutHartford County,27.3,9009.0,204.0
BAYSTATE HEALTH,759 CHESTNUT STREET, SPRINGFIELD,MA,01085,767986.0,1,42.127668672,-72.74934144,Massachusetts,740.0,Hampden,MassachusettsHampden County,24.7,18278.0,413.0
YALE NEW HAVEN HOSPITAL,20 YORK STREET, NEW HAVEN,CT,06510,795322.0,5,41.30625289,-72.92532107,Connecticut,1340.0,New Haven,ConnecticutNew Haven County,29.2,195640.0,4425.0
HARTFORD HOSPITAL,RADIATION ONCOLOGY 80 SEYMOUR STREET, HARTFORD,CT,06102,800359.0,1,41.7525175678937,-72.6801679767643,Connecticut,723.0,Hartford,ConnecticutHartford County,27.3,19737.9,446.0
UMASS MEMORIAL MEDICAL CENTER,55 LAKE AVENUE N, WORCESTER,MA,01655,765713.0,2,42.2777507752667,-71.7613245661528,Massachusetts,692.0,Worcester,MassachusettsWorcester County,28.3,39167.200000000004,886.0
ADVENTHEALTH DAYTONA BEACH HOSPITAL CANCER INSTITUTE,224 MEMORIAL MEDICAL PARKWAY, DAYTONA BEACH,FL,32117,774379.0,1,29.236292554,-81.05558968,Florida,330.0,Volusia,FloridaVolusia County,16.4,5411.999999999999,122.0
HALIFAX HEALTH-CANCER CENTER FOR HOPE,303 N CLYDE MORRIS BLVD, DAYTONA BEACH,FL,32114,786188.0,1,29.199485059,-81.04037838,Florida,533.0,Volusia,FloridaVolusia County,16.4,8741.199999999999,198.0
MOFFITT THERANOSTICS CENTER,RADIONUCLIDE THERAPY 12902 MAGNOLIA DRIVE, TAMPA,FL,33612,793807.0,5,28.051039499,-82.45036104,Florida,314.0,Hillsborough,FloridaHillsborough County,18.7,29359.0,664.0
DANA-FARBER CANCER INSTITUTE,450 BROOKLINE AVE, BOSTON,MA,02215,766895.0,5,42.346056586,-71.1000445,Massachusetts,30.0,Suffolk,MassachusettsSuffolk County,29.4,4410.0,100.0
MASSACHUSETTS GENERAL HOSPITAL,55 FRUIT ST, BOSTON,MA,02114,799884.0,2,42.361950869,-71.06633793,Massachusetts,997.0,Suffolk,MassachusettsSuffolk County,29.4,58623.6,1326.0
BOSTON MEDICAL CENTER,840 HARRISON AVE, BOSTON,MA,02118,766300.0,1,42.33979894,-71.07476606,Massachusetts,442.0,Suffolk,MassachusettsSuffolk County,29.4,12994.8,294.0
TUFTS MEDICAL CENTER,800 WASHINGTON STREET NUCLEAR MEDICINE PROGER 4, BOSTON,MA,02111,765197.0,2,42.352052942,-71.06144273,Massachusetts,364.0,Suffolk,MassachusettsSuffolk County,29.4,21403.2,484.0
TAMPA GENERAL HOSPITAL,1 TAMPA GENERAL CIR SUITE NO. TAMPA GENERAL CANCER INSTITUTE, TAMPA,FL,33606,766415.0,1,27.934751596,-82.46942675,Florida,1017.0,Hillsborough,FloridaHillsborough County,18.7,19017.899999999998,430.0
ORLANDO HEALTH BAYFRONT HOSPITAL,701 6TH ST. S MAIN HOSP BLDG FL 1, ST. PETERSBURG,FL,33701-4814,766627.0,1,27.77401249,-82.63662788,Florida,262.0,Pinellas,FloridaPinellas County,15.5,4061.0,92.0
SIGNATURE HEALTHCARE BROCKTON HOSPITAL,680 CENTRE STREET, BROCKTON,MA,02302,765195.0,1,42.088734192,-71.00166941,Massachusetts,175.0,Plymouth,MassachusettsPlymouth County,27.0,4725.0,107.0
MAINEHEALTH MAINE MEDICAL CENTER,22 BRAMHALL STREET, PORTLAND,ME,04102,766073.0,1,43.659728844,-70.28859762,Maine,679.0,Cumberland,MaineCumberland County,18.7,12697.3,287.0
SARASOTA MEMORIAL HEALTHCARE,1700 S. TAMIAMI TRAIL, SARASOTA,FL,34239,764698.0,1,27.310958984,-82.51798169,Florida,786.0,Sarasota,FloridaSarasota County,22.9,17999.399999999998,407.0
CAPE COD HOSPITAL,NUC MED FL 1 27 PARK ST, HYANNIS,MA,02601-5230,765191.0,1,41.653315245,-70.29896283,Massachusetts,239.0,Barnstable,MassachusettsBarnstable County,28.1,6715.900000000001,152.0
FLORIDA CANCER SPECIALISTS & RESEARCH INSTITUTE - GOOD SAMARITAN FLAGLER,1309 N FLAGLER DR, WEST PALM BEACH,FL,33401-3406,787703.0,1,26.715286775,-80.06791734,Florida,333.0,Palm Beach,FloridaPalm Beach County,17.6,5860.8,133.0
BOCA RATON REGIONAL HOSPITAL INC,LYNN CANCER INSTITUTE NUC MED DEPT 701 NW 13 ST, BOCA RATON,FL,33486,766632.0,1,26.349785424,-80.11456093,Florida,361.0,Palm Beach,FloridaPalm Beach County,17.6,6353.6,144.0
UNIVERSITY OF MIAMI HOSPITAL AND CLINICS / SYLVESTER COMPREHENSIVE CANCER CENTER,1475 N.W. 12TH AVENUE, MIAMI,FL,33136,788310.0,5,25.785002972,-80.20196507,Florida,538.0,Miami-Dade,FloridaMiami-Dade County,23.5,63215.0,1430.0
MIAMI CANCER INSTITUTE,8900 N. KENDALL DRIVE, MIAMI,FL,33176,798027.0,1,25.661215194,-80.36269164,Florida,672.0,Miami-Dade,FloridaMiami-Dade County,23.5,15792.0,357.0
ROCKY MOUNTAIN CANCER CENTERS LLC - BOULDER,4715 ARAPHOE AVE FL 1, BOULDER,CO,80303-1385,795451.0,1,40.001324215,-105.2338781,Colorado,139.0,,,26.7,3711.2999999999997,84.0
ROCKY MOUNTAIN CANCER CENTER,1800 WILLIAMS STREET, DENVER,CO,80218,,1,39.73342407,-104.9722672,Colorado,360.0,,,26.7,9612.0,217.0
INTERMOUNTAIN HEALTH CANCER CENTERS OF COLORADO LUTHERAN MEDICAL CENTER RADIATION ONCOLOGY,400 INDIANA STREET SUITE 220, GOLDEN,CO,80401,,1,39.730853929,-105.1940526,Colorado,360.0,,,26.7,9612.0,217.0
COLORADO UROLOGY,5275 DTC PARKWAY, GREENWOOD VILLAGE,CO,80111,,1,39.609747377,-104.881837,Colorado,360.0,,,26.7,9612.0,217.0
KAISER PERMANENTE LONE TREE,10240 PARK MEADOWS DR, LONE TREE,CO,80124,,1,39.542071384,-104.8891568,Colorado,360.0,,,26.7,9612.0,217.0
JUNE E NYLEN CANCER CENTER,230 NEBRASKA ST, SIOUX CITY,IA,51101,,1,42.49548624,-96.40194441,Iowa,360.0,,,33.82,12175.2,275.0
TETON CANCER INSTITUTE,1550 HOOPES AVE, IDAHO FALLS,ID,83404,,1,43.470071071,-112.011831,Idaho,360.0,,,29.34,10562.4,239.0
XCANCER,17607 GOLD PLZ, OMAHA,NE,68130-5606,,1,41.23584176,-96.18944097,Nebraska,360.0,,,27.54,9914.4,224.0
NEBRASKA UROLOGY,5500 PINE LAKE RD, LINCOLN,NE,68516,,1,40.749988665,-96.65177501,Nebraska,360.0,,,27.54,9914.4,224.0
NEBRASKA CANCER SPECIALISTS - OMAHA,17201 WRIGHT STREET SUITE 203, OMAHA,NE,68130,,1,41.23584176,-96.18944097,Nebraska,360.0,,,27.54,9914.4,224.0
CANCER PARTNERS OF NEBRASKA P.C.,4101 TIGER LILY RD STE 100, LINCOLN,NE,68516,,1,40.749988665,-96.65177501,Nebraska,360.0,,,27.54,9914.4,224.0
UROHEALTH PARTNERS,105 SOUTH 90TH STREET, OMAHA,NE,68114,,1,41.264985685,-96.05242621,Nebraska,360.0,,,27.54,9914.4,224.0
NEBRASKA MEDICINE,4400 EMILE ST, OMAHA,NE,68198,,5,41.2553805512687,-95.978891633196,Nebraska,360.0,,,27.54,49572.0,1121.0
CENTRACARE HEALTH,1900 CENTRACARE CIRCLE, ST.CLOUD,MN,56304,,1,45.549696192,-94.12531946,Minnesota,360.0,,,23.6,8496.0,192.0
UTAH CANCER SPECIALISTS,3838 SOUTH 700 EAST SUITE 100, SALT LAKE CITY,UT,84106,,1,40.705764038,-111.8572604,Utah,360.0,,,30.34,10922.4,247.0
REVERE HEALTH,1055 N 500 W SUITE 102, PROVO,UT,84604,,1,40.265859148,-111.6573055,Utah,360.0,,,30.34,10922.4,247.0
MINNESOTA ONCOLOGY & HEMATOLOGY MAPLE GROVE,10150 NIAGARA LN N SUITE 100, MAPLE GROVE,MN,55369,,1,45.113824674,-93.43256511,Minnesota,360.0,,,23.6,8496.0,192.0
MINNESOTA UROLOGY,7500 FRANCE AVE S, EDINA,MN,55435-3400,,1,44.87377483,-93.32857668,Minnesota,360.0,,,23.6,8496.0,192.0
ALLINA HEALTH CANCER INSTITUTE - RADIATION ONCOLOGY MINNEAPOLIS,800 EAST 28TH STREET, MINNEAPOLIS,MN,55407,,1,44.938050852,-93.2548117,Minnesota,360.0,,,23.6,8496.0,192.0
MHEALTH FAIRVIEW UNIVERSITY OF MINNESOTA MEDICAL CENTER,500 HARVARD ST SE, MINNEAPOLIS,MN,55455,,5,44.97071,-93.2383135,Minnesota,360.0,,,23.6,42480.0,961.0
ALLINA HEALTH CANCER INSTITUTE - RADIATION ONCOLOGY ST. PAUL,310 NORTH SMITH AVENUE, SAINT PAUL,MN,55102,,1,44.938114914,-93.11851279,Minnesota,360.0,,,23.6,8496.0,192.0
REGIONS HOSPITAL,640 JACKSON ST FL 1, ST. PAUL,MN,55101-2502,,1,44.949037962,-93.09051228,Minnesota,360.0,,,23.6,8496.0,192.0
MC FARLAND CLINIC,1215 DUFF AVE, AMES,IA,50010,,1,42.036025034,-93.62207467,Iowa,360.0,,,33.82,12175.2,275.0
MISSION CANCER + BLOOD PART OF UNIVERSITY OF IOWA HEALTH CARE,2565 SE ENCOMPASS DR STE 100, WAUKEE,IA,50263-1299,,2,41.6013407,-93.86295796,Iowa,360.0,,,33.82,24350.4,551.0
UROLOGY CENTER OF IOWA PLLC,13375 UNIVERSITY AVE STE 100, CLIVE,IA,50325-8262,,1,41.608856664,-93.77869508,Iowa,360.0,,,33.82,12175.2,275.0
UNITY POINT HEALTH DES MOINES-JOHN STODDARD CANCER CENTER,1221 PLEASANT STREET SUITE A100, DES MOINES,IA,50309,,1,41.587170506,-93.62308688,Iowa,360.0,,,33.82,12175.2,275.0
LOGAN HEALTH KALISPELL,310 SUNNYVIEW LANE, KALISPELL,MT,59901,776753.0,1,48.209524462,-114.3038398,Montana,210.0,,,32.15,6751.5,153.0
MOSAIC LIFE CARE,5325 FARAON STREET NUCLEAR MEDICINE DEPT, SAINT JOSEPH,MO,64506-3488,,1,39.789689063,-94.80322775,Missouri,360.0,,,23.64,8510.4,193.0
WICHITA UROLOGY GROUP PA,2077 N WEBB RD, WICHITA,KS,67206,,1,37.704803732,-97.23614963,Kansas,360.0,,,23.6,8496.0,192.0
THE UNIVERSITY OF KANSAS CANCER CENTER,2650 SHAWNEE MISSION PARKWAY, FAIRWAY,KS,66205,,2,39.031852749,-94.63197714,Kansas,360.0,,,23.6,16992.0,384.0
RESEARCH MEDICAL CENTER,2316 EAST MEYER BLVD, KANSAS CITY,MO,64132,799147.0,1,38.989810782,-94.55179997,Missouri,306.0,,,23.64,7233.84,164.0
ST. LUKE'S MERIDIAN CAMPUS,ST LUKE'S REGIONAL MED CT 520 S EAGLE RD GRD F, MERIDIAN,ID,83642,,1,43.594246313,-116.3911575,Idaho,360.0,,,29.34,10562.4,239.0
IDAHO UROLOGIC INSTITUTE,2855 E MAGIC VIEW DRIVE, BOISE,ID,83642,,1,43.594246313,-116.3911575,Idaho,360.0,,,29.34,10562.4,239.0
ST. LUKE'S NAMPA MEDICAL CENTER,9850 W ST. LUKE'S DR, NAMPA,ID,83687,764502.0,1,43.600022784,-116.5416091,Idaho,87.0,,,29.34,2552.58,58.0
PHYSICIANS' CLINIC OF IOWA,202 10TH ST SE, CEDAR RAPIDS,IA,52403,,1,41.98620621,-91.62275845,Iowa,360.0,,,33.82,12175.2,275.0
PANHANDLE CANCER CARE CENTER,1655 POINT WEST PKWY, AMARILLO,TX,79124,,1,35.232160972,-101.9236371,Texas,360.0,,,21.9,7883.999999999999,178.0
TEXAS ONCOLOGY AMARILLO CANCER CENTER,1826 POINT WEST PKWY, AMARILLO,TX,79124,,1,35.232160972,-101.9236371,Texas,360.0,,,21.9,7883.999999999999,178.0
IOWA CITY VAMC,601 HIGHWAY 6 WEST, IOWA CITY,IA,52246,,1,41.649201262,-91.56396444,Iowa,360.0,,,33.82,12175.2,275.0
NEW MEXICO HEMATOLOGY ONCOLOGY CONSULTANTS,4901 LANG AVE, ALBUQUERQUE,NM,87109,,1,35.149004977,-106.5705522,New Mexico,360.0,,,17.92,6451.200000000001,146.0
SUMMIT CANCER CENTERS,13424 EAST MISSION AVE, SPOKANE VALLEY,WA,99216,,1,47.665981916,-117.2212201,Washington,360.0,,,27.26,9813.6,222.0
MARSHFIELD MEDICAL CENTER MARSHFIELD CLINIC HEALTH SYSTEM,611 ST. JOSEPH AVENUE ATTN. NUCLEAR MEDICINE, MARSHFIELD,WI,54449,775516.0,1,44.656593684,-90.1778097,Wisconsin,215.0,,,31.83,6843.45,155.0
SUMMIT CANCER CARE,13424 E MISSION AVE RAD DEPT, SPOKANE,WA,99216,,1,47.665981916,-117.2212201,Washington,360.0,,,27.26,9813.6,222.0
INLAND IMAGING,5715 N LIDGERWOOD ST, SPOKANE,WA,99208,,1,47.736284851,-117.429108,Washington,360.0,,,27.26,9813.6,222.0
INTEGRIS CANCER INSTITUTE,5911 W MEMORIAL RD FL 1, OKLAHOMA CITY,OK,73142-2015,,1,35.601698767,-97.62979399,Oklahoma,360.0,,,18.31,6591.599999999999,149.0
OKLAHOMA PROTON CENTER,5901 WEST MEMORIAL ROAD, OKLAHOMA CITY,OK,73142,,1,35.601698767,-97.62979399,Oklahoma,360.0,,,18.31,6591.599999999999,149.0
OU HEALTH STEPHENSON CANCER CENTER,800 NE 10TH ST., OKLAHOMA CITY,OK,73104,785725.0,5,35.475556697,-97.50478432,Oklahoma,842.0,,,18.31,77085.09999999999,1744.0
MISSOURI CANCER ASSOCIATES,1705 E. BROADWAY SUITE 100, COLUMBIA,MO,65201,,1,38.932458466,-92.29717085,Missouri,360.0,,,23.64,8510.4,193.0
UROLOGIC SPECIALIST OF OK,10901 E. 48TH ST., TULSA,OK,74146,,1,36.108658468,-95.85170143,Oklahoma,360.0,,,18.31,6591.599999999999,149.0
SAINT FRANCIS CANCER CENTER,11212 EAST 48TH STREET, TULSA,OK,74146,,1,36.108658468,-95.85170143,Oklahoma,360.0,,,18.31,6591.599999999999,149.0
OKLAHOMA CANCER SPECIALISTS AND RESEARCH INSTITUTE,12697 EAST 51ST STREET SOUTH, TULSA,OK,74146,,1,36.108658468,-95.85170143,Oklahoma,360.0,,,18.31,6591.599999999999,149.0
EASTPARK MEDICAL CENTER THERANOSTICS SUITES,4621 EASTPARK BLVD, MADISON,WI,53718,,1,43.09720319,-89.27553593,Wisconsin,360.0,,,31.83,11458.8,259.0
CANCER CENTERS OF SOUTHWEST OKLAHOMA LLC,104 NW 31ST STREET, LAWTON,OK,73505,,1,34.615212732,-98.46039681,Oklahoma,360.0,,,18.31,6591.599999999999,149.0
MERCY HOSPITAL - SPRINGFIELD MO.,1235 E CHEROKEE STREET, SPRINGFIELD,MO,65804,802771.0,1,37.162485537,-93.2524347,Missouri,611.0,,,23.64,14444.04,327.0
COX HEALTH SYSTEM SOUTH,3801 S. NATIONAL AVE, SPRINGFIELD,MO,65807,,1,37.165361649,-93.31446793,Missouri,360.0,,,23.64,8510.4,193.0
NORTHWEST CANCER CLINIC,7379 W DESCHUTES AVE STE 100, KENNEWICK,WA,99336,,1,46.210300917,-119.1774671,Washington,360.0,,,27.26,9813.6,222.0
ASCENSION MERCY HOSPITAL,500 S OAKWOOD RD FL LL, OSHKOSH,WI,54904-7944,,1,44.024261422,-88.60507502,Wisconsin,360.0,,,31.83,11458.8,259.0
HIGHLANDS ONCOLOGY GROUP,808 S 52ND ST, ROGERS,AR,72758,,1,36.303458717,-94.15327779,Arkansas,360.0,,,22.65,8153.999999999999,184.0
JOE ARRINGTON CANCER RESEARCH AND TREATMENT CENTER,4101 22ND PL, LUBBOCK,TX,79410,,1,33.569525053,-101.8887631,Texas,360.0,,,21.9,7883.999999999999,178.0
OSF HEALTHCARE,1310 N MISSOURI AVE FL 1 CANCER INSTITUTE, PEORIA,IL,61603,,1,40.715920277,-89.58146591,Illinois,360.0,,,24.99,8996.4,203.0
AMERICAN ONCOLOGY PARTNERS PA DBA ZANGMEISTER CANCER CENTER,3100 PLAZA PROPERTIES BLVD COLUMBUS OH 43219, COLUMBUS,OH,43219,,1,40.010551205,-82.93190815,Ohio,360.0,,,24.89,8960.4,203.0
PROHEALTH CARE - PEWAUKEE,N16 W24131 RIVERWOOD DR, WAUKESHA,WI,53188,,1,43.019754793,-88.26714993,Wisconsin,360.0,,,31.83,11458.8,259.0
NORTHWESTERN MEDICINE MCHENRY HOSPITAL,4305 MEDICAL CENTER DRIVE, MCHENRY,IL,60050,,2,42.34019466,-88.28136839,Illinois,360.0,,,24.99,17992.8,407.0
SPRINGFIELD CLINIC LLP,1025 SOUTH 6TH STREET, SPRINGFIELD,IL,62703,,1,39.769227735,-89.63337081,Illinois,360.0,,,24.99,8996.4,203.0
SSM HEALTH ST. LOUIS UNIVERSITY HOSPITAL,1201 S. GRAND BLVD, ST. LOUIS,MO,63104,773849.0,2,38.612392473,-90.21842422,Missouri,366.0,,,23.64,17304.48,391.0
NORTHWESTERN MEDICINE CANCER CENTER WARRENVILLE,4405 WEAVER PARKWAY, WARRENVILLE,IL,60555,,2,41.827039987,-88.19176679,Illinois,360.0,,,24.99,17992.8,407.0
MULTICARE CANCER INSTITUTE NORTH STAR LODGE,NORTH STAR LODGE THERAPY 808 N 39TH AVE, YAKIMA,WA,98902-6388,,1,46.594521626,-120.5334841,Washington,360.0,,,27.26,9813.6,222.0
ARIZONA ONCOLOGY,5430 LANDMARK LN, PRESCOTT,AZ,86301-0019,,1,34.577367753,-112.4473842,Arizona,360.0,,,17.07,6145.2,139.0
DULY HEALTH AND CARE,STE 110 FL 1 430 WARRENVILLE RD, LISLE,IL,60532-1348,,1,41.787106591,-88.08711885,Illinois,360.0,,,24.99,8996.4,203.0
UROPARTNERS CANCER TREATMENT CENTER,2600 PATRIOT BLVD SUITE NO. UNIT J, GLENVIEW,IL,60026,,1,42.090518423,-87.83750236,Illinois,360.0,,,24.99,8996.4,203.0
COMPREHENSIVE CANCER CENTERS OF NEVADA,3730 SOUTH EASTERN AVE, LAS VEGAS,NV,89169,,1,36.126482495,-115.1416196,Nevada,360.0,,,23.6,8496.0,192.0
LOYOLA UNIVERSITY HEALTH SYSTEM,2160 S. FIRST AVE., MAYWOOD,IL,60153,792293.0,2,41.879092497,-87.84554425,Illinois,516.0,,,24.99,25789.679999999997,583.0
ONCOLOGY LAS VEGAS,52 N PECOS RD, HENDERSON,NV,89074,,1,36.038553612,-115.0846491,Nevada,360.0,,,23.6,8496.0,192.0
NEVADA THERANOSTICS,5495 SOUTH RAINBOW BLVD SUITE NO. 202, LAS VEGAS,NV,89118,,1,36.088295747,-115.2230587,Nevada,360.0,,,23.6,8496.0,192.0
ASSOCIATED UROLOGICAL SPECIALISTS,10400 SOUTHWEST HWY FLOOR NO. LOWER LEVEL, CHICAGO RIDGE,IL,60415,,1,41.702486146,-87.7786457,Illinois,360.0,,,24.99,8996.4,203.0
UNITED THERANOSTICS,THERANOSTICS CENTER OF EXCELLENCE 4391 E. LOHMAN AVE., LAS CRUCES,NM,88011,,1,32.327752453,-106.721654,New Mexico,360.0,,,17.92,6451.200000000001,146.0
CITY OF HOPE - CANCER CARE SCOTTSDALE,CITY OF HOPE CANCER CARE SCOTTSDALE STE 100 FL 1 20159 N SCOTTSDALE RD, SCOTTSDALE,AZ,85255-6808,,1,33.672208813,-111.8803789,Arizona,360.0,,,17.07,6145.2,139.0
ARIZONA CENTER FOR CANCER CARE,19646 N 27TH AVE STE #108, PHOENIX,AZ,85027,,1,33.669877193,-112.109504,Arizona,360.0,,,17.07,6145.2,139.0
ARIZONA PROSTATE CANCER CENTER,ARIZONA PROSTATE CANCER CENTER 7340 E THOMAS RD, SCOTTSDALE,AZ,85251-7216,,1,33.49360618,-111.9209521,Arizona,360.0,,,17.07,6145.2,139.0
BANNER MD ANDERSON CANCER CENTER,2946 E BANNER GATEWAY DR, GILBERT,AZ,85233,,2,33.349612474,-111.8081211,Arizona,360.0,,,17.07,12290.4,278.0
ARIZONA CENTER FOR CANCER CARE,3645 SOUTH ROME STREET SUITE 116, GILBERT,AZ,85297,,1,33.275742012,-111.7169596,Arizona,360.0,,,17.07,6145.2,139.0
IRONWOOD CANCER AND RESEARCH CENTERS,695 S DOBSON RD, CHANDLER,AZ,85224,,1,33.32342171,-111.8746554,Arizona,360.0,,,17.07,6145.2,139.0
PERSONALIZED RADIATION ONCOLOGY,5470 RENO CORPORATE DR, RENO,NV,89511-2250,,1,39.418866467,-119.7924723,Nevada,360.0,,,23.6,8496.0,192.0
ONCOLOGY NEVADA / UROLOGY NEVADA LTD,10745 DOUBLE R BLVD, RENO,NV,89521,,1,39.419250651,-119.731455,Nevada,360.0,,,23.6,8496.0,192.0
TEXAS ONCOLOGY FORT WORTH CANCER CTR,500 S HENDERSON ST STE 100 FL 1, FORT WORTH,TX,76104,,1,32.725342649,-97.31778504,Texas,360.0,,,21.9,7883.999999999999,178.0
THE CENTER FOR CANCER & BLOOD DISORDERS,800 W MAGNOLIA, FORT WORTH,TX,76104,,1,32.725342649,-97.31778504,Texas,360.0,,,21.9,7883.999999999999,178.0
RIO GRANDE CANCER SPECIALISTS,7420 REMCON CIRCLE BUILDING A, EL PASO,TX,79912,,1,31.843370406,-106.5380274,Texas,360.0,,,21.9,7883.999999999999,178.0
CANCER CLINICS OF NORTH TEXAS,12606 GREENVILLE AVENUE, DALLAS,TX,75243,,1,32.910013831,-96.72780807,Texas,360.0,,,21.9,7883.999999999999,178.0
TEXAS ONCOLOGY,3410 WORTH SREET, DALLAS,TX,75246,,1,32.795322126,-96.77141442,Texas,360.0,,,21.9,7883.999999999999,178.0
MERCY SOUTHEAST CANCER CENTER,789 SOUTH MOUNT AUBURN SUITE NO. RADIATION ONCOLOGY, CAPE GIRARDEAU,MO,63703,,1,37.29697278,-89.54179985,Missouri,360.0,,,23.64,8510.4,193.0
GENESIS CANCER & BLOOD INSTITUTE,133 HARMONY PARK CIRCLE, HOT SPRINGS,AR,71913,,1,34.467566886,-93.10235097,Arkansas,360.0,,,22.65,8153.999999999999,184.0
SOUND CANCER CARE,2940 S MERIDIAN SUITE 100, PUYALLUP,WA,98373,,1,47.148692476,-122.3218285,Washington,360.0,,,27.26,9813.6,222.0
NORTHWEST MEDICAL SPECIALITIES PLLC,2940 S MERIDIAN #200, PUYALLUP,WA,98373,,1,47.148692476,-122.3218285,Washington,360.0,,,27.26,9813.6,222.0
CANCER AND BLOOD SPECIALISTS OF ARIZONA,1281 E COTTONWOOD LN, CASA GRANDE,AZ,85122,,1,32.908806501,-111.7421432,Arizona,360.0,,,17.07,6145.2,139.0
SWEDISH CANCER INSTITUTE,1221 MADISON ST.ARNOLD PAVILION SUITE 100, SEATTLE,WA,98104,,1,47.603314818,-122.3276488,Washington,360.0,,,27.26,9813.6,222.0
ARKANSAS PROSTATE CANCER CENTER,1300 CENTERVIEW DR., LITTLE ROCK,AR,72211,,1,34.754211814,-92.41644763,Arkansas,360.0,,,22.65,8153.999999999999,184.0
CENTRAL ARKANSAS RADIATION THERAPY INSTITUTE (CARTI),8901 CARTI WAY, LITTLE ROCK,AR,72205,,1,34.751528123,-92.34549553,Arkansas,360.0,,,22.65,8153.999999999999,184.0
TRA MEDICAL IMAGING,2502 S UNION AVE, TACOMA,WA,98405,,1,47.248203674,-122.4659213,Washington,360.0,,,27.26,9813.6,222.0
COMPASS ONCOLOGY EAST CANCER CENTER,12535 SE 82ND AVE, HAPPY VALLEY,OR,97015,,1,45.417874632,-122.5373078,Oregon,360.0,,,24.52,8827.2,200.0
BAMF HEALTH PC,109 MICHIGAN STREET NW SUITE 200, GRAND RAPIDS,MI,49503,,1,42.963736631,-85.65681698,Michigan,360.0,,,22.45,8082.0,183.0
ARIZONA ONCOLOGY ASSOCIATES,2070 W RUDASILL RD., TUCSON,AZ,85704,,1,32.331976825,-110.9844804,Arizona,360.0,,,17.07,6145.2,139.0
HENDRICK MEDICAL CENTER BROWNWOOD,1501 BURNETT RD, BROWNWOOD,TX,76801-8520,798348.0,1,31.71521968,-99.00336169,Texas,63.0,,,21.9,1379.6999999999998,31.0
NORTH CASCADE CANCER CENTER,381 W HORTON ROAD, BELLINGHAM,WA,98226-7004,,1,48.791849356,-122.4623144,Washington,360.0,,,27.26,9813.6,222.0
OREGON UROLOGY INSTITUTE - RADIATION CENTER,1457 G STREET, SPRINGFIELD,OR,97477,,1,44.061482943,-123.0175581,Oregon,360.0,,,24.52,8827.2,200.0
RAY & KAY ECKSTEIN REGIONAL CANCER CENTER/BAPTIST HEALTH PADUCAH,2501 KENTUCKY AVENUE CANCER CENTER ENTRANCE - BROADWAY, PADUCAH,KY,42003,797006.0,1,37.03362414,-88.59512847,Kentucky,190.0,,,23.02,4373.8,99.0
UROLOGY OF INDIANA,11380 N. ILLINOIS STREET, CARMEL,IN,46032,,1,39.97209187,-86.16219737,Indiana,360.0,,,23.6,8496.0,192.0
TEXAS ONCOLOGY LONGVIEW CANCER CENTER,1300 N FOURTH STREET, LONGVIEW,TX,75601,,1,32.509981049,-94.7270717,Texas,360.0,,,21.9,7883.999999999999,178.0
DEACONESS CHANCELLOR CENTER FOR ONCOLOGY,4055 GATEWAY BLVD, NEWBURGH,IN,47630,,1,37.970423461,-87.39629218,Indiana,360.0,,,23.6,8496.0,192.0
MADISON IMAGING CENTER,7803 MADISON AVE BUILDING A, CITRUS HEIGHTS,CA,95610,,1,38.692163432,-121.2714545,California,360.0,,,24.39,8780.4,199.0
FRESNO CANCER CENTER,7887 N CEDAR AVE, FRESNO,CA,93720-2685,,1,36.859270132,-119.7565439,California,360.0,,,24.39,8780.4,199.0
BAPTIST MEMORIAL HOSPITAL - DESOTO,7601 SOUTHCREST PKWY., SOUTHAVEN,MS,38671-4739,765360.0,1,34.964519037,-89.99863174,Mississippi,298.0,,,27.11,8078.78,183.0
SEQUIOA REGIONAL CANCER CENTER,KAWEAH HEALTH DIAGNOSTICS CTR STE 130 FL 1 820 S AKERS ST, VISALIA,CA,93277-8346,,1,36.3090027,-119.3235644,California,360.0,,,24.39,8780.4,199.0
OWENSBORO HEALTH - MITCHELL MEMORIAL CANCER CENTER,1020 BRECKENRIDGE STREET, OWENSBORO,KY,42303,,1,37.75554343,-87.07577394,Kentucky,360.0,,,23.02,8287.2,187.0
MYMICHIGAN MEDICAL CENTER SAGINAW,800 S. WASHINGTON AVENUE, SAGINAW,MI,48601,,1,43.401767542,-83.91213642,Michigan,360.0,,,22.45,8082.0,183.0
GENESISCARE,77840 FLORA ROAD, PALM DESERT,CA,92211,,1,33.761148266,-116.3238786,California,360.0,,,24.39,8780.4,199.0
EL PORTAL CANCER CENTER,3303 M ST, MERCED,CA,95348-2735,,1,37.329707202,-120.4941911,California,360.0,,,24.39,8780.4,199.0
MICHIGAN MEDICINE BRIGHTON CENTER FOR SPECIALTY CARE,7500 CHALLIS RD NUCLEAR MEDICINE THERAPY CLINIC ATTN: MEGHAN DOYLE CLINIC CARE COORDINATOR, BRIGHTON,MI,48116,,2,42.511857981,-83.78907988,Michigan,360.0,,,22.45,16164.0,366.0
COMPREHENSIVE BLOOD & CANCER CENTER (CBCC),6501 TRUXTUN AVE COMPREHENSIVE BLOOD AND CANCER CTR, BAKERSFIELD,CA,93309,,1,35.339240565,-119.0633789,California,360.0,,,24.39,8780.4,199.0
TRINITY HEALTH ANN ARBOR,5301 EAST HURON RIVER DRIVE, ANN ARBOR,MI,48106,,1,42.2734658265267,-83.7753714369768,Michigan,360.0,,,22.45,8082.0,183.0
TEXAS ONCOLOGY AUSTIN NORTH,12221 RENFERT WAY, AUSTIN,TX,78758,,1,30.38604376,-97.70502994,Texas,360.0,,,21.9,7883.999999999999,178.0
RADIOTHERAPY CENTERS OF KENTUCKIANA,1322 SPRING STREET, JEFFERSONVILLE,IN,47130,,1,38.311236302,-85.71592419,Indiana,360.0,,,23.6,8496.0,192.0
NORTON CANCER INSTITUTE DOWNTOWN,676 SOUTH FLOYD STREET, LOUISVILLE,KY,40202,,1,38.250877118,-85.75012252,Kentucky,360.0,,,23.02,8287.2,187.0
U OF L HEALTH - UNIVERSITY OF LOUISVILLE HOSPITAL,530 S. JACKSON ST., LOUISVILLE,KY,40202,793238.0,2,38.250877118,-85.75012252,Kentucky,333.0,,,23.02,15331.32,347.0
PROMEDICA FLOWER HOSPITAL HICKMAN CANCER CENTER,5300 HARROUN RD SUITE 010, SYLVANIA,OH,43560,,1,41.705887676,-83.71526693,Ohio,360.0,,,24.89,8960.4,203.0
AUSTIN RADIOLOGICAL ASSOCIATION MSO LLC,901 W 38TH ST STE 100, AUSTIN,TX,78705,,1,30.292430204,-97.7403882,Texas,360.0,,,21.9,7883.999999999999,178.0
APEX CANCER CARE / RADIATION THERAPY (FORMERLY CALLED THE AUSTIN CENTER FOR RADIATION ONCOLOGY),1020 WEST 34TH ST, AUSTIN,TX,78705,,1,30.292430204,-97.7403882,Texas,360.0,,,21.9,7883.999999999999,178.0
TEMECULA VALLEY NUCLEAR MEDICNE,25485 MEDICAL CENTER DR. STE 102, MURRIETA,CA,92562,,1,33.575193309,-117.2156198,California,360.0,,,24.39,8780.4,199.0
CRESCENT THERANOSTICS,27262 VIA INDUSTRIA, TEMECULA,CA,92590-3751,,1,33.489068875,-117.1788864,California,360.0,,,24.39,8780.4,199.0
CONTRA COSTA ONCOLOGY,575 LENNON LANE SUITE 153, WALNUT CREEK,CA,94598,,1,37.918554972,-122.0291077,California,360.0,,,24.39,8780.4,199.0
NORTHEAST LOUISIANA CANCER INSTITUTE LLC,STE 100 FL 1 411 CALYPSO ST, MONROE,LA,71201-7551,,1,32.530335105,-92.10843753,Louisiana,360.0,,,28.77,10357.2,234.0
IMAGING SERVICES WALNUT CREEK BEHRING PAVILION,177 LA CASA VIA SUITE NO. 100 FLOOR NO. 1, WALNUT CREEK,CA,94598,,1,37.918554972,-122.0291077,California,360.0,,,24.39,8780.4,199.0
ST JUDE HOSPITAL,2141 N HARBOR BLVD, FULLERTON,CA,92835,,1,33.901380952,-117.9081624,California,360.0,,,24.39,8780.4,199.0
COREWELL HEALTH DEARBORN HOSPITAL,DEARBORN HOSPITAL 18101 OAKWOOD BLVD FL: BASEMENT, DEARBORN,MI,48124-4089,774544.0,1,42.294714807,-83.25318431,Michigan,535.0,,,22.45,12010.75,272.0
UCI MEDICAL CENTER,101 THE CITY DRIVE SOUTH BLDG 20, ORANGE,CA,92868,794126.0,5,33.786109151,-117.8762776,California,397.0,,,24.39,48414.15,1095.0
HENRY FORD HEALTH SYSTEM,2799 W GRAND BLVD NUCLEAR MEDICINE BLDG K3 ROOM W307, DETROIT,MI,48202,,1,42.373567975,-83.0773802,Michigan,360.0,,,22.45,8082.0,183.0
SAN FERNANDO VALLEY CANCER CENTER,15211 VANOWEN STSUITE #204, VAN NUYS,CA,91405,,1,34.199866953,-118.4474316,California,360.0,,,24.39,8780.4,199.0
CRESCENT THERANOSTICS,2050 S EUCLID ST, ANAHEIM,CA,92802,,1,33.807230535,-117.9249284,California,360.0,,,24.39,8780.4,199.0
HOAG FAMILY CANCER INSTITUTE,16105 SAND CANYON AVENUE SUITE 215, IRVINE,CA,92618,,1,33.666993534,-117.7591353,California,360.0,,,24.39,8780.4,199.0
BEVERLY HILLS ONCOLOGY MEDICAL GROUP INC,STE 100 FL 1 8900 WILSHIRE BLVD, BEVERLY HILLS,CA,90211-1958,,1,34.065978655,-118.3834388,California,360.0,,,24.39,8780.4,199.0
EPIC CARE,27204 CALAROGA AVE, HAYWARD,CA,94545,,1,37.632642284,-122.0993674,California,360.0,,,24.39,8780.4,199.0
UCLA THERANOSTIC CENTER,MP 100 100 MED PLAZA STE 700 FL 7, LOS ANGELES,CA,90095-0001,,2,34.0656473788973,-118.445760006641,California,360.0,,,24.39,17560.8,397.0
UNITED THERANOSTICS - LOS ANGELES,11500 W OLYMPIC BLVD STE 610 FL 6, LOS ANGELES,CA,90064-1527,,1,34.035241632,-118.4277356,California,360.0,,,24.39,8780.4,199.0
DAYTON PHYSICIANS LLC,3120 GOVERNOR'S PL BLVD, KETTERING,OH,45409,,1,39.724051373,-84.18758943,Ohio,360.0,,,24.89,8960.4,203.0
COREWELL HEALTH EAST- BEAUMONT GROSSE POINTE HOSPITAL,BEAUMONT GROSSE POINTE 468 CADIEUX RD HOTLAB FL 1, GROSSE POINTE,MI,48230,794176.0,1,42.384603548,-82.92511203,Michigan,248.0,,,22.45,5567.599999999999,126.0
TOWER SAINT JOHN'S IMAGING,2202 WILSHIRE BLVD 2ND FL PET ATTN SHAUNA KOVACH, SANTA MONICA,CA,90403-5706,,1,34.02790017,-118.4948372,California,360.0,,,24.39,8780.4,199.0
WESTERN RADIATION ONCOLOGY,2211 MOORPARK AVENUE SUITE NO. 220, SAN JOSE,CA,95128,,1,37.314967452,-121.936449,California,360.0,,,24.39,8780.4,199.0
PET/CT IMAGING OF SAN JOSE,STE 220 FL 2 2211 MOORPARK AVE, SAN JOSE,CA,95128-2654,,1,37.314967452,-121.936449,California,360.0,,,24.39,8780.4,199.0
UNIVERSITY OF CINCINNATI MEDICAL CENTER,3188 BELLEVUE AVENUE, CINCINNATI,OH,45219,802488.0,2,39.126967354,-84.51346704,Ohio,570.0,,,24.89,28374.600000000002,642.0
THE UROLOGY GROUP,2000 JOSEPH E SANKER BLVD, CINCINNATI,OH,45212,,1,39.163864001,-84.45232142,Ohio,360.0,,,24.89,8960.4,203.0
UROLOGY ASSOCIATES P.C.,2801 CHARLOTTE AVE, NASHVILLE,TN,37209-4035,,1,36.143948073,-86.869116,Tennessee,360.0,,,22.64,8150.400000000001,184.0
NEVADA THERANOSTICS,510 PROSPECT AVENUE SUITE NO. STE 118, REDONDO BEACH,CA,90277,,1,33.830896781,-118.3845617,California,360.0,,,24.39,8780.4,199.0
PALO ALTO MEDICAL FOUNDATION,795 EL CAMINO REAL, PALO ALTO,CA,94301,,1,37.444853905,-122.1524133,California,360.0,,,24.39,8780.4,199.0
SUTTER MILLS PENINSULA HEALTH CENTER,RAD ONC DEPT 100 S SAN MATEO DR, SAN MATEO,CA,94401-3805,,1,37.572010969,-122.323332,California,360.0,,,24.39,8780.4,199.0
ADVANCED MOLECULAR THERAPY,2438 N. PONDEROSA DRIVESTE C-210, CAMARILLO,CA,93010,,1,34.231273042,-119.0497479,California,360.0,,,24.39,8780.4,199.0
THE UROLOGY PLACE,9618 HUEBNER ROAD SUITE NO. 120 FLOOR NO. 1, SAN ANTONIO,TX,78240,,1,29.520300029,-98.60068003,Texas,360.0,,,21.9,7883.999999999999,178.0
UNIO SPECIALTY CARE,3444 KEARY VILLA ROAD SUITE 201, SAN DIEGO,CA,92123,,1,32.801094335,-117.1369094,California,360.0,,,24.39,8780.4,199.0
SAN ANTONIO CANCER CENTER,7718 PASTEUR COURT, SAN ANTONIO,TX,78229,,1,29.507285337,-98.56956036,Texas,360.0,,,21.9,7883.999999999999,178.0
WOODLANDS CANCER & BLOOD INSTITUTE,18354 I-45 SOUTH SUITE NO. 120, THE WOODLANDS,TX,77384,,1,30.229826773,-95.49289916,Texas,360.0,,,21.9,7883.999999999999,178.0
RIDLEY-TREE CANCER CENTER AT SANSUM CLINIC,300 W.PUEBLO ST, SANTA BARBARA,CA,93105,,1,34.440841463,-119.7357214,California,360.0,,,24.39,8780.4,199.0
THE OHIO STATE UNIVERSITY - WEXNER MEDICAL CENTER,410 W. 10TH AVE DOAN HALL - ROOM 204, COLUMBUS,OH,43210,,5,40.000260185,-83.01451504,Ohio,360.0,,,24.89,44802.0,1013.0
EXCEL DIAGNOSTICS & NUCLEAR ONCOLOGY CENTER,9701 RICHMOND AVENUE # 122, HOUSTON,TX,77042,,1,29.738966399,-95.55919311,Texas,360.0,,,21.9,7883.999999999999,178.0
TEXAS ONCOLOGY HOUSTON MEDICAL CENTER,7500 FANNIN STREET SUITE NO. 100 A, HOUSTON,TX,77054,,1,29.686040871,-95.40098877,Texas,360.0,,,21.9,7883.999999999999,178.0
KELSEY SEYBOLD CLINIC-FORT BEND CAMPUS,STE 1.301 FL 1 11555 UNIVERSITY BLVD, SUGAR LAND,TX,77478-3889,,1,29.614407892,-95.60562451,Texas,360.0,,,21.9,7883.999999999999,178.0
TEXAS ONCOLOGY-BEAUMONT,3010 HARRISON AVE, BEAUMONT,TX,77702-1041,,1,30.087239465,-94.12507369,Texas,360.0,,,21.9,7883.999999999999,178.0
UNIVERSITY OF TEXAS MD ANDERSON CANCER CENTER,MD ANDERSON 2280 GULF FREEWAY S STE LCC2.1307A FL 2, LEAGUE CITY,TX,77573-5143,,5,29.504998314,-95.09057894,Texas,360.0,,,21.9,39420.0,892.0
BAPTIST CANCER CENTER- ANDERSON,2124 14TH ST FL 1, MERIDIAN,MS,39301,,1,32.338937885,-88.65091405,Mississippi,360.0,,,27.11,9759.6,221.0
LEWIS AND FAYE MANDERSON CANCER CENTER,809 UNIVERSITY BLVD E, TUSCALOOSA,AL,35401,,1,33.195288313,-87.56249927,Alabama,360.0,,,19.22,6919.2,157.0
SOUTHERN UROLOGY LLC,120 RUIS LOUIS XIV - BLDG #1, LAFAYETTE,LA,70508,,1,30.157327882,-92.02901043,Louisiana,360.0,,,28.77,10357.2,234.0
UROLOGY CENTERS OF ALABAMA,THE PET CTR 3489 INDEPENDENCE DR, HOMEWOOD,AL,35209-8311,,1,33.469712409,-86.81190216,Alabama,360.0,,,19.22,6919.2,157.0
TENNESSEE UROLOGY ASSOCIATES PLLC,9245 PARK W BLVD FL 1, KNOXVILLE,TN,37923-4425,,1,35.928702187,-84.07523405,Tennessee,360.0,,,22.64,8150.400000000001,184.0
PROSTATE CANCER CENTER OF EXCELLENCE,1415 OLD WEISGARBER RD STE 250 MAIN FL, KNOXVILLE,TN,37909-1288,,1,35.946830216,-84.02197763,Tennessee,360.0,,,22.64,8150.400000000001,184.0
ONCOLOGICS - ACADIANA RADIATION THERAPY LLC,525 NORTH LEWIS STREET, NEW IBERIA,LA,70563,,1,30.017497972,-91.77944095,Louisiana,360.0,,,28.77,10357.2,234.0
UPMC HILLMAN CANCER CENTER AT UPMC HORIZON SHENANGO,2200 MEMORIAL DRIVE FLOOR NO. 1ST, FARRELL,PA,16121,,2,41.21107294,-80.49130332,Pennsylvania,360.0,,,22.83,16437.6,372.0
MARY BIRD PERKINS CANCER CENTER,1104 W. HIGHWAY 30, GONZALES,LA,70737-5003,,1,30.243860671,-90.92242122,Louisiana,360.0,,,28.77,10357.2,234.0
CAMC BREAST CENTER,3415 MACCORKLE AVE SE, CHARLESTON,WV,25304,,1,38.319646389,-81.58749206,West Virginia,360.0,,,18.97,6829.2,154.0
UPMC SHADYSIDE HOSPITAL,5230 CENTRE AVENUE, PITTSBURGH,PA,15232,,5,40.453547111,-79.93242781,Pennsylvania,360.0,,,22.83,41094.0,930.0
UPMC SHADYSIDE NUCLEAR MEDICINE,5230 CENTRE AVE, PITTSBURGH,PA,15232,,5,40.453547111,-79.93242781,Pennsylvania,360.0,,,22.83,41094.0,930.0
EAST JEFFERSON GENERAL HOSPITAL CANCER CENTER,4204 HOUMA BLVD, METAIRIE,LA,70006,796080.0,1,30.01288295,-90.19186874,Louisiana,612.0,,,28.77,17607.239999999998,398.0
OCHSNER BENSON CANCER CENTER,1514 JEFFERSON HWY FLOOR NO. 2, NEW ORLEANS,LA,70121,795808.0,1,29.96272564,-90.16192908,Louisiana,1023.0,,,28.77,29431.71,666.0
WELLSTAR COBB HOSPITAL - RADIATION ONCOLOGY,1800 HOSP S DRIVE FLOOR NO. 1, AUSTELL,GA,30106,,1,33.839417022,-84.62238892,Georgia,360.0,,,23.8,8568.0,194.0
WELLSTAR NORTH FULTON HOSPITAL INC.,4500 HOSPITAL BLVD STE 120 FL 1, ROSWELL,GA,30076-0001,,1,34.02748182,-84.31718787,Georgia,360.0,,,23.8,8568.0,194.0
CARMICHAEL IMAGING CENTER AT BAPTIST HEALTH,4145 CARMICHAEL ROAD, MONTGOMERY,AL,36106,,1,32.352082647,-86.25873635,Alabama,360.0,,,19.22,6919.2,157.0
GEORGIA UROLOGY CUMMING CLINIC ANNEX,STE 360 FL 3 1800 NORTHSIDE FORSYTH DR, CUMMING,GA,30041-8416,,1,34.175679422,-84.11485684,Georgia,360.0,,,23.8,8568.0,194.0
WINSHIP EMORY MIDTOWN,575 W PEACHTREE ST NW, ATLANTA,GA,30308,796894.0,5,33.772006587,-84.37989716,Georgia,548.0,,,23.8,65212.0,1475.0
CITY OF HOPE-ATLANTA,600 CELEBRATE LIFE PARKWAY, NEWNAN,GA,30265,,1,33.396990486,-84.71238977,Georgia,360.0,,,23.8,8568.0,194.0
UROLOGY ASSOCIATES OF MOBILE PA,100 MEMORIAL HOSPITAL DR SUITE 1A, MOBILE,AL,36608,,1,30.691028782,-88.19270775,Alabama,360.0,,,19.22,6919.2,157.0
INFIRMARY CANCER CARE,3 MOBILE INFIRMARY CIRCLE SUITE 301, MOBLIE,AL,36607-3515,,1,30.69754855,-88.10246205,Alabama,360.0,,,19.22,6919.2,157.0
GEORGIA UROLOGY FAYETTEVILLE CLINIC,STE 100 FL 1 1336 HWY 54 W BLD 100, FAYETTEVILLE,GA,30214-4573,,1,33.485513102,-84.47718513,Georgia,360.0,,,23.8,8568.0,194.0
EAMC - SPENCER CANCER CENTER,2501 VILLAGE PROFESSIONAL DRIVE, OPELIKA,AL,36801,,1,32.653623933,-85.39148352,Alabama,360.0,,,19.22,6919.2,157.0
UNIVERSITY OF ROCHESTER MEDICAL CENTER,601 ELMWOOD AVENUE, ROCHESTER,NY,14642,,5,43.1235378346591,-77.6250578349213,New York,360.0,,,27.47,49446.0,1118.0
UNIVERSITY CANCER AND BLOOD CENTER,3320 OLD JEFFERSON RD BLDG 700, ATHENS,GA,30607,,2,34.008069912,-83.43211708,Georgia,360.0,,,23.8,17136.0,388.0
WOODLANDS MEDICAL SPECIALISTS,4724 NORTH DAVIS HIGHWAY, PENSACOLA,FL,32503,,1,30.454734548,-87.20736963,Florida,360.0,,,19.81,7131.599999999999,161.0
PENSACOLA RADIOLOGY CONSULTANTS,1549 AIRPORT BOULEVARD SUITE 110, PENSACOLA,FL,32504,,1,30.487478511,-87.18854286,Florida,360.0,,,19.81,7131.599999999999,161.0
CARILION CLINIC,2001 CRYSTAL SPRING AVE, ROANOKE,VA,24014,,1,37.236854007,-79.93558411,Virginia,360.0,,,23.6,8496.0,192.0
DOTHAN HEMATOLOGY AND ONCOLOGY,101 WESTSIDE DR, DOTHAN,AL,36303-1908,,1,31.252424134,-85.41290994,Alabama,360.0,,,19.22,6919.2,157.0
BERKELEY MEDICAL CENTER RADIATION ONCOLOGY,DOROTHY A. MCCORMICK CTR BLDG STE 1100 FL 1 2000 FOUNDATION WAY, MARTINSBURG,WV,25401-9003,,1,39.457961423,-77.9717265,West Virginia,360.0,,,18.97,6829.2,154.0
LEVINE CANCER INSTITUTE - RADIATION THERAPY,1021 MOREHEAD MEDICAL DRIVE SUITE 1000, CHARLOTTE,NC,28204,,1,35.213690184,-80.82477599,North Carolina,360.0,,,23.15,8334.0,189.0
ASSOCIATED MEDICAL PROFESSIONALS OF NY PLLC,1226 E WATER ST, SYRACUSE,NY,13210,,1,43.034439988,-76.12664138,New York,360.0,,,27.47,9889.199999999999,224.0
HEMATOLOGY ONCOLOGY ASSOCIATES OF CNY P.C.,STE 500 FL 1 5008 BRITTONFIELD PKWY, EAST SYRACUSE,NY,13057-9248,,1,43.072156734000004,-76.05352819,New York,360.0,,,27.47,9889.199999999999,224.0
UVA HEALTH NUCLEAR MEDICINE,1240 LEE ST, CHARLOTTESVILLE,VA,22908,792193.0,5,38.0325942392021,-78.4989409757272,Virginia,657.0,,,23.6,77526.0,1754.0
WESLEY LONG HOSPITAL,2400 WEST FRIENDLY AVE., GREENSBORO,NC,27403,,1,36.064529784,-79.82304889,North Carolina,360.0,,,23.15,8334.0,189.0
PENNSYLVANIA CANCER SPECIALISTS & RESEARCH INSTITUTE,20 EXPEDITION TRAIL STE 101, GETTYSBURG,PA,17325,,1,39.829358149,-77.21964749,Pennsylvania,360.0,,,22.83,8218.8,186.0
HOPE REGIONAL CANCER CENTER,2900 S HWY 77, LYNN HAVEN,FL,32444-5612,,1,30.233892313,-85.64411234,Florida,360.0,,,19.81,7131.599999999999,161.0
UPMC IMAGING SERVICES,240 GRANDVIEW AVE, CAMP HILL,PA,17011,,2,40.24002227,-76.92917803,Pennsylvania,360.0,,,22.83,16437.6,372.0
FLORIDA CANCER AFFILIATES,2100 STATE AVE, PANAMA CITY,FL,32405-4587,,1,30.195514092,-85.66948214,Florida,360.0,,,19.81,7131.599999999999,161.0
UPMC-MEDICAL SCIENCES PAVILION,4300 LONDONDERRY ROAD, HARRISBURG,PA,17109,,2,40.291003901,-76.8226644,Pennsylvania,360.0,,,22.83,16437.6,372.0
SOUTH CAROLINA ONCOLOGY ASSOCIATES,166 STONERIDGE DRIVE, COLUMBIA,SC,29210,,1,34.044160024,-81.10624746,South Carolina,360.0,,,22.14,7970.400000000001,180.0
WELLSPAN YORK HOSPITAL,1001 S. GEORGE STREET, YORK,PA,17403,,1,39.944228148,-76.70896509,Pennsylvania,360.0,,,22.83,8218.8,186.0
CHESAPEAKE URO OPCO LLC DBA UNITED URO GRP,12435 PARK POTOMAC AVE SUITE NO. STE 400 FLOOR NO. FL4, POTOMAC,MD,20854,,1,39.04019291,-77.19387327,Maryland,360.0,,,22.65,8153.999999999999,184.0
VIRGINIA CANCER SPECIALISTS,8613 LEE HIGHWAY, FAIRFAX,VA,22031,,1,38.861662785,-77.26345744,Virginia,360.0,,,23.6,8496.0,192.0
WALTER REED NATIONAL MILITARY MEDICAL CENTER,4925 SOUTH PALMER ROAD, BETHESDA,MD,20889,,1,39.0005854305563,-77.0948013910101,Maryland,360.0,,,22.65,8153.999999999999,184.0
SIBLEY MEMORIAL HOSPITAL (SMH) JOHNS HOPKINS,5255 LOUGHBORO ROAD NW, WASHINGTON,DC,20016,791237.0,2,38.937437398,-77.08442892,,218.0,Dc,,23.6,10289.6,233.0
UNITED THERANOSTICS - BETHESDA,5454 WISCONSIN AVE STE 1600 FL 16, BETHESDA,MD,20815-6906,,1,38.976581126,-77.08346446,Maryland,360.0,,,22.65,8153.999999999999,184.0
MEDSTAR GEORGETOWN UNIVERSITY HOSPITAL,3800 RESERVOIR RD NW 2ND FL GORMAN BLDG NUC MED, WASHINGTON,DC,20007,793012.0,5,38.915838312,-77.07323053,,453.0,Dc,,23.6,53454.0,1209.0
UNIVERSITY OF MARYLAND DBA CENTRAL MARYLAND RADIATION ONCOLOGY,10710 CHARTER DRIVE SUITE NO. G030, COLUMBIA,MD,21044,,2,39.214669858,-76.87859807,Maryland,360.0,,,22.65,16307.999999999998,369.0
MARYLAND ONCOLOGY HEMATOLOGY: CENTER FOR ADVANCED RADIATION ONCOLOGY,WHITE OAK CANCER CTR OUTPATIENT BLDG 11886 HEALING WAY STE 101 FL 1, SILVER SPRING,MD,20904-7917,,1,39.065683163,-76.9691061,Maryland,360.0,,,22.65,8153.999999999999,184.0
MEDSTAR WASHINGTON HOSPITAL CENTER,110 IRVING ST NW, WASHINGTON DC,DC,20010,801810.0,1,38.932867149,-77.03286817,,719.0,Dc,,23.6,16968.4,384.0
KEYSTONE UROLOGY SPECIALISTS,2106 HARRISBURG PIKE SUITE 200 2ND FLOOR, LANCASTER,PA,17601,,1,40.074249609,-76.32126495,Pennsylvania,360.0,,,22.83,8218.8,186.0
JOHNS HOPKINS RADIATION ONCOLOGY GREENSPRING STATION,10753 FALLS ROAD PAVILION II SUITE 145, LUTHERVILLE TIMONIUM,MD,21093,,2,39.441464875,-76.63662252,Maryland,360.0,,,22.65,16307.999999999998,369.0
CHESAPEAKE UROLOGY,PHYSICIANS PAVILION NORTH 6535 NORTH CHARLES ST. SUITE 650, TOWSON,MD,21204-5826,,1,39.405139613,-76.62052947,Maryland,360.0,,,22.65,8153.999999999999,184.0
NORTHEAST RADIATION ONCOLOGY CENTER,1110 MEADE STREET, DUNMORE,PA,18512,,1,41.427298186,-75.6226157,Pennsylvania,360.0,,,22.83,8218.8,186.0
TMH PHYSICIAN PARTNERS - RADIATION ONCOLOGY,1775 ONE HEALING PLACE, TALLAHASSEE,FL,32308,,1,30.471921332,-84.23774073,Florida,360.0,,,19.81,7131.599999999999,161.0
ADVANCED MOLECULAR IMAGING AND THERAPY [AMIT] (NOW KNOWN AS UNITED THERANOSTICS),THERANOSTICS CENTER OF EXCELLENCE 331 OAK MANOR DRIVE STE 201, GLEN BURNIE,MD,21061,,1,39.15744135,-76.62917046,Maryland,360.0,,,22.65,8153.999999999999,184.0
VIRGINIA UROLOGY CENTER P.C.,9101 STONY POINT DRIVE, RICHMOND,VA,23235,,1,37.513626527,-77.56549708,Virginia,360.0,,,23.6,8496.0,192.0
210 THERANOSTICS,210 ASHVILLE AVENUE SUITE NO. 120, CARY,NC,27518,,1,35.730684087,-78.77131382,North Carolina,360.0,,,23.15,8334.0,189.0
ST. LUKES UNIVERSITY HEALTH NETWORK,421 W CHEW STREET (SACRED HEART CAMPUS), ALLENTOWN,PA,18102,,2,40.606311918,-75.47822077,Pennsylvania,360.0,,,22.83,16437.6,372.0
CHRISTIANACARE NUCLEAR MEDICINE,4755 OGLETOWN-STANTON ROAD, NEWARK,DE,19718,,1,39.6874402970359,-75.6688476602829,Delaware,360.0,,,21.3,7668.0,173.0
PENN MEDICINE- RADNOR,145 KING OF PRUSSIA ROAD, RADNOR,PA,19087,,2,40.059309675,-75.40467502,Pennsylvania,360.0,,,22.83,16437.6,372.0
CENTERS FOR ADVANCED UROLOGY LLP DBA MIDLANTIC UROLOGY - PLYMOUTH MEETING,400 DAVIS DR STE 200A, PLYMOUTH MEETING,PA,19462,,1,40.11801473,-75.29395702,Pennsylvania,360.0,,,22.83,8218.8,186.0
FOX CHASE CANCER CENTER,333 COTTMAN AVENUE, PHILADELPHIA,PA,19111,,5,40.058921992,-75.07975553,Pennsylvania,360.0,,,22.83,41094.0,930.0
IMAGECARE AT JEFFERSON,IMAGECARE AT JEFFERSON BLDG 757 NJ-15 STE 104 HOT LAB FL 1, LAKE HOPATCONG,NJ,07849,,1,40.9615215282175,-74.5966912620506,New Jersey,360.0,,,23.96,8625.6,195.0
NEW JERSEY UROLOGY,CANCER TREATMENT CENTER 2090 SPRINGDALE ROAD SUITE B SUITE NO. SUITE B, CHERRY HILL,NJ,08003,,1,39.882125209,-74.96973392,New Jersey,360.0,,,23.96,8625.6,195.0
UNITED THERANOSTICS,THERANOSTICS CENTER OF EXCELLENCE 8 FORRESTAL ROAD S SUITE 201, PRINCETON,NJ,08540,,1,40.358042895,-74.64745435,New Jersey,360.0,,,23.96,8625.6,195.0
CANCER CARE OF NORTH FLORIDA,4520 W US HWY 90, LAKE CITY,FL,32055,,1,30.222568265,-82.67370537,Florida,360.0,,,19.81,7131.599999999999,161.0
ASTERA CANCER CARE,9 CENTRE DRIVE, MONROE TWP,NJ,08831,,1,40.329984665,-74.43922142,New Jersey,360.0,,,23.96,8625.6,195.0
IMAGECARE AT WEST ORANGE,61 MAIN ST, WEST ORANGE,NJ,07052-5352,,1,40.786742077,-74.25878856,New Jersey,360.0,,,23.96,8625.6,195.0
ECU HEALTH MEDICAL CENTER,524 MOYE BLVD, GREENVILLE,NC,27834,,2,35.612274285,-77.40394359,North Carolina,360.0,,,23.15,16668.0,377.0
IMAGECARE AT WOODBRIDGE,530 GREEN ST, ISELIN,NJ,08830-2654,,1,40.570671326,-74.31570448,New Jersey,360.0,,,23.96,8625.6,195.0
UNIVERSITY RADIOLOGY GROUP - NUTLEY,235 FRANKLIN AVE FL 1, NUTLEY,NJ,07110-2708,,2,40.81809321,-74.15634331,New Jersey,360.0,,,23.96,17251.2,390.0
ATLANTIC UROLOGY SPECIALISTS,ATLANTIC UROLOGY SPECIALISTS BLDG 1255 TADLOCK DR, MURRELLS INLET,SC,29576-7973,,1,33.582079928,-79.03937993,South Carolina,360.0,,,22.14,7970.400000000001,180.0
COASTAL CANCER CENTER,4600 WILD IRIS DR, MYRTLE BEACH,SC,29577-8867,,1,33.701387084,-78.89393307,South Carolina,360.0,,,22.14,7970.400000000001,180.0
COASTAL CANCER CENTER,4708 OLEANDER DRIVE, MYRTLE BEACH,SC,29577,,1,33.701387084,-78.89393307,South Carolina,360.0,,,22.14,7970.400000000001,180.0
REGIONAL CANCER CARE ASSOCIATES,326 PROFESSIONAL VIEW DR, FREEHOLD,NJ,07728,,1,40.241284956,-74.27530644,New Jersey,360.0,,,23.96,8625.6,195.0
NEW YORK PRESBYTERIAN,177 FORT WASHINGTON AVE., NEW YORK,NY,10032,,1,40.837751007,-73.94174451,New York,360.0,,,27.47,9889.199999999999,224.0
NYU LANGONE PERLMUTTER CANCER CENTER- SUNSET PARK,5718 2ND AVE HOT LAB PETCT FL 1, BROOKLYN,NY,11220-3313,,2,40.641025682,-74.014329,New York,360.0,,,27.47,19778.399999999998,447.0
NEW YORK CANCER AND BLOOD SPECIALISTS,BASEMENT FL 201 E 71ST ST, NEW YORK,NY,10021-9713,,1,40.769015697,-73.95743466,New York,360.0,,,27.47,9889.199999999999,224.0
EAST RIVER MEDICAL IMAGING P.C. MOLECULAR IMAGING & THERANOSTICS SUITE,515 E 72ND ST STE 101 FL 1, NEW YORK,NY,10021-4032,,1,40.769015697,-73.95743466,New York,360.0,,,27.47,9889.199999999999,224.0
MAIMONIDES CANCER CENTER,6300 8TH AVENUE PET/CT LOWER LEVEL, BROOKLYN,NY,11220,,1,40.641025682,-74.014329,New York,360.0,,,27.47,9889.199999999999,224.0
VOA RADIATION ONCOLOGY,6251 E VIRGINIA BEACH BLVD STE 115, NORFOLK,VA,23502-2800,,1,36.853693860999996,-76.21470969,Virginia,360.0,,,23.6,8496.0,192.0
ATLANTICARE CANCER CARE INSTITUTE,2500 ENGLISH CREEK AVENUE BUILDING 400 1ST FLOOR, EGG HARBOR TOWNSHIP,NJ,08234,,1,39.391063156,-74.60608753,New Jersey,360.0,,,23.96,8625.6,195.0
NEW YORK CANCER AND BLOOD SPECIALISTS,2236 NOSTRAND AVE, BROOKLYN,NY,11210-3037,,1,40.629881368,-73.9462322,New York,360.0,,,27.47,9889.199999999999,224.0
NAZHA CANCER CENTER,801 NEW ROAD, NORTHFIELD,NJ,08225,,1,39.370449526,-74.55482149,New Jersey,360.0,,,23.96,8625.6,195.0
NEW YORK CANCER AND BLOOD SPECIALISTS,92-37 METROPOLITAN AVE, FOREST HILLS,NY,11375-6623,,1,40.723331202,-73.84656171,New York,360.0,,,27.47,9889.199999999999,224.0
HOPE TOWER,19 DAVIS AVE FLOOR NO. GROUND LEVEL, NEPTUNE,NJ,07753,,1,40.214895726,-74.05897759,New Jersey,360.0,,,23.96,8625.6,195.0
ZUCKERBERG CANCER CENTER,450 LAKEVILLE RD MITCHELL A GOLDMAN DIAGNOSTIC IMAGING CENTER RAD MED, LAKE SUCCESS,NY,11042,,1,40.757743,-73.694152,New York,360.0,,,27.47,9889.199999999999,224.0
NEW YORK CANCER AND BLOOD SPECIALISTS,1 DELAWARE DRIVE, NEW HYDE PARK,NY,11042,,1,40.757743,-73.694152,New York,360.0,,,27.47,9889.199999999999,224.0
INTEGRATED MEDICAL PROFESSIONALS PLLC,3111 NEW HYDE PARK ROAD, LAKE SUCCESS,NY,11042-1209,,1,40.757743,-73.694152,New York,360.0,,,27.47,9889.199999999999,224.0
ACKERMAN CANCER CENTER - FERNANDINA BEACH,1340 SOUTH 18TH STREETSUITE 103, FERNANDINA BEACH,FL,32034,,1,30.619335198,-81.47039459,Florida,360.0,,,19.81,7131.599999999999,161.0
CATHOLIC HEALTH CANCER INSTITUTE AT ST. FRANCIS HOSPITAL,2200 NORTHERN BOULEVARD, EAST HILLS,NY,11548,,1,40.813305657,-73.62465848,New York,360.0,,,27.47,9889.199999999999,224.0
NUCLEAR MEDICINE - NYU LANGONE HOSPITAL - LONG ISLAND,NUC MED STE MB-L305 BASEMENT FL 259 FIRST ST, MINEOLA,NY,11501-3957,,2,40.746476433,-73.63958067,New York,360.0,,,27.47,19778.399999999998,447.0
CANCER SPECIALISTS OF NORTH FLORIDA RIVERSIDE,2 SHIRCLIFF WAY FLOOR NO. 1, JACKSONVILLE,FL,32204,,1,30.316541379,-81.68663808,Florida,360.0,,,19.81,7131.599999999999,161.0
BAPTIST MD ANDERSON CANCER CENTER,1301 PALM AVENUE, JACKSONVILLE,FL,32207,,2,30.293198093,-81.63348124,Florida,360.0,,,19.81,14263.199999999999,323.0
FLORIDA CANCER SPECIALISTS & RESEARCH INSTITUTE - GAINESVILLE,6420 W. NEWBERRY ROAD EAST WING STE 200, GAINESVILLE,FL,32605,,1,29.679954194,-82.36606004,Florida,360.0,,,19.81,7131.599999999999,161.0
GENESISCARE,2161 KINGSLEY AVE, ORANGE PARK,FL,32073-5116,,1,30.170662012,-81.74269069,Florida,360.0,,,19.81,7131.599999999999,161.0
CANCER SPECIALISTS OF NORTH FLORIDA SOUTHPOINT,7015 AC SKINNER PARKWAY BUILDING 100, JACKSONVILLE,FL,32256,,1,30.219387781,-81.54424518,Florida,360.0,,,19.81,7131.599999999999,161.0
CANCER SPECIALISTS OF NORTH FLORIDA SOUTHSIDE,7015 A C SKINNER PKWY SUITE NO. 1, JACKSONVILLE,FL,32256,,1,30.219387781,-81.54424518,Florida,360.0,,,19.81,7131.599999999999,161.0
TERK ONCOLOGY,7017 A C SKINNER PARKWAY, JACKSONVILLE,FL,32256,,1,30.219387781,-81.54424518,Florida,360.0,,,19.81,7131.599999999999,161.0
ACKERMAN CANCER CENTER - JACKSONVILLE,10881 SAN JOSE BLVD, JACKSONVILLE,FL,32223,,1,30.156957716,-81.62901178,Florida,360.0,,,19.81,7131.599999999999,161.0
CANCER SPECIALISTS OF NORTH FLORIDA FLEMING ISLAND,2370 MARKET DRIVE, FLEMING ISLAND,FL,32003,,1,30.095612706,-81.7148725,Florida,360.0,,,19.81,7131.599999999999,161.0
THE HOSPITAL OF CENTRAL CT,100 GRAND ST 100 GRAND ST STE NG14 FL G, NEW BRITAIN,CT,06052-2016,,1,41.658991249,-72.80015396,Connecticut,360.0,,,26.9,9684.0,219.0
MIDSTATE MEDICAL CENTER - MERIDEN,435 LEWIS AVE, MERIDEN,CT,06451,800921.0,1,41.535234733,-72.81973153,Connecticut,143.0,,,26.9,3846.7,87.0
NEW YORK CANCER AND BLOOD SPECIALISTS,1500 ROUTE 112 - BLDG 2A, PORT JEFFERSON STATION,NY,11776,,1,40.912374419,-73.04903255,New York,360.0,,,27.47,9889.199999999999,224.0
NEW YORK CANCER AND BLOOD SPECIALISTS,365 E MAIN ST, PATCHOGUE,NY,11772-3145,,1,40.77203046,-72.9997358,New York,360.0,,,27.47,9889.199999999999,224.0
CANCER SPECIALISTS OF NORTH FLORIDA ST. AUGUSTINE,121 WHITEHALL DRIVE, ST. AUGUSTINE,FL,32086,,1,29.815597756,-81.31862392,Florida,360.0,,,19.81,7131.599999999999,161.0
FLORIDA CANCER SPECIALISTS & RESEARCH INSTITUTE - OCALA,4945 SW 49TH PLACE, OCALA,FL,34474,,1,29.151396766,-82.19813438,Florida,360.0,,,19.81,7131.599999999999,161.0
ADVANCED PROSTATE CANCER INSTITUTE,ADV PROSTATE CANCER INST 11363 SW 95TH CIR STE B, OCALA,FL,34481-5064,,1,29.100052773,-82.2898013,Florida,360.0,,,19.81,7131.599999999999,161.0
NEW YORK CANCER AND BLOOD SPECIALISTS,750 OLD COUNTRY RD, RIVERHEAD,NY,11901-2153,,1,40.931947519,-72.65869017,New York,360.0,,,27.47,9889.199999999999,224.0
STONY BROOK SOUTHAMPTON HOSPITAL,240 MEETING HOUSE LANE, SOUTHAMPTON,NY,11968,,2,40.908046592,-72.40898589,New York,360.0,,,27.47,19778.399999999998,447.0
FLORIDA CANCER SPECIALISTS & RESEARCH INSTITUTE - BROOKSVILLE,7154 MEDICAL CENTER DRIVE, SPRING HILL,FL,34608,,1,28.479502685,-82.55285034,Florida,360.0,,,19.81,7131.599999999999,161.0
FLORIDA CANCER SPECIALISTS & RESEARCH INSTITUTE - VILLAGES,1400 US HWY 441 N STE 540, THE VILLAGES,FL,32159-8987,,1,28.932230013,-81.9375913,Florida,360.0,,,19.81,7131.599999999999,161.0
ADVANCED CANCER TREATMENT CENTER,RAD ONC 15211 CORTEZ BLVD FL 1, BROOKSVILLE,FL,34613-6072,,1,28.55013975,-82.52842554,Florida,360.0,,,19.81,7131.599999999999,161.0
RADIATION CENTER OF GREATER NASHUA,11 N SOUTHWOOD DR, NASHUA,NH,03063-1803,,1,42.774738004,-71.51234151,New Hampshire,360.0,,,26.92,9691.2,219.0
FLORIDA CANCER SPECIALISTS,2955 BROWNWOOD BLVD STE 107, THE VILLAGES,FL,32163-2040,,1,28.901373413,-82.09213314,Florida,360.0,,,19.81,7131.599999999999,161.0
COMPREHENSIVE HEMATOLOGY ONCOLOGY DEPARTMENT OF RADIATION ONCOLOGY,3611 LITTLE ROAD, TRINITY,FL,34655,,1,28.204279232,-82.66644574,Florida,360.0,,,19.81,7131.599999999999,161.0
FLORIDA CANCER SPECIALISTS & RESEARCH INSTITUTE - TRINITY,9320 STATE RD 54 RAD 2ND FLOOR, TRINITY,FL,34655,,1,28.204279232,-82.66644574,Florida,360.0,,,19.81,7131.599999999999,161.0
FLORIDA CANCER SPECIALISTS & RESEARCH INSTITUTE - HIGHLAND,100 HIGHLAND AVENUE, LARGO,FL,33770,,1,27.915852944,-82.79971311,Florida,360.0,,,19.81,7131.599999999999,161.0
FLORIDA CANCER SPECIALISTS  - WESLEY CHAPEL,30142 STATE RD 56, WESLEY CHAPEL,FL,33543,,1,28.195315025,-82.306763,Florida,360.0,,,19.81,7131.599999999999,161.0
DANA-FARBER CANCER INSTITUTE AT CHESTNUT HILL,300 BOYLSTON ST, CHESTNUT HILL,MA,02459,,2,42.319353988,-71.19134451,Massachusetts,360.0,,,27.1,19512.0,441.0
FLORIDA CANCER SPECIALISTS & RESEARCH INSTITUTE - TAMPA,3402 MARTIN LUTHER KING JR BLVD RAD, TAMPA,FL,33607,,1,27.964504051,-82.50017669,Florida,360.0,,,19.81,7131.599999999999,161.0
MID-FLORIDA CANCER CENTERS,2776 ENTERPRISE RD STE 100, ORANGE CITY,FL,32763,,1,28.942515271,-81.30062402,Florida,360.0,,,19.81,7131.599999999999,161.0
FLORIDA CANCER SPECIALISTS,805 CURRENCY CIRCLE, LAKE MARY,FL,32746-2115,,1,28.761184902,-81.34742874,Florida,360.0,,,19.81,7131.599999999999,161.0
FLORIDA CANCER SPECIALISTS -ST PETERSBURG,725 6TH AVE S STE 2200, ST PETERSBURG,FL,33701,,1,27.77401249,-82.63662788,Florida,360.0,,,19.81,7131.599999999999,161.0
ADVENTHEALTH CANCER INSTITUTE- ALTAMONTE,601 E. ALTAMONTE DRIVE, ALTAMONTE SPRINGS,FL,32701,,1,28.663228225,-81.37358198,Florida,360.0,,,19.81,7131.599999999999,161.0
NEW ENGLAND CANCER SPECIALISTS,RAD THERAPY CTR 15 ROCK ROW STE 110 FL 1, WESTBROOK,ME,04092-4877,,1,43.685383407,-70.35763472,Maine,360.0,,,25.26,9093.6,206.0
ADVENTHEALTH CANCER INSTITUTE- RADIATION ONCOLOGY,2501 N. ORANGE AVE. SUITE 181, ORLANDO,FL,32804,,1,28.575993828,-81.39153891,Florida,360.0,,,19.81,7131.599999999999,161.0
FLORIDA CANCER SPECIALISTS,52 W GORE ST, ORLANDO,FL,32806,,1,28.514058176,-81.35802945,Florida,360.0,,,19.81,7131.599999999999,161.0
ADVENTHEALTH CANCER INSTITUTE- KISSIMMEE,1300 WEST OAK STREET, KISSIMMEE,FL,34741,,1,28.312480728,-81.42624568,Florida,360.0,,,19.81,7131.599999999999,161.0
HAROLD ALFOND CENTER FOR CANCER CARE,HAROLD ALFOND CTR FOR CANCER CARE 361 OLD BELGRADE RD STE IMAGING FL 1, AUGUSTA,ME,04330,,1,44.336780344,-69.7592122,Maine,360.0,,,25.26,9093.6,206.0
SUNSTATE MEDICAL SPECIALISTS,3210 FRUITVILLE RD, SARASOTA,FL,34237-6411,,1,27.338645884,-82.5118857,Florida,360.0,,,19.81,7131.599999999999,161.0
FLORIDA CANCER SPECIALISTS & RESEARCH INSTITUTE - NORTH PORT,1390 GRAND VENTURE DR PET CT DEPT, NORTH PORT,FL,34286-2309,,1,27.070751517,-82.18278543,Florida,360.0,,,19.81,7131.599999999999,161.0
SUNSTATE MEDICAL SPECIALISTS,BLDG GENESISCARE STE 100 FL 1 4571 COLONIAL BLVD, FORT MYERS,FL,33966-1156,,1,26.577127185,-81.83385305,Florida,360.0,,,19.81,7131.599999999999,161.0
FLORIDA CANCER SPECIALISTS & RESEARCH INSTITUTE - GLADIOLUS,8260 GLADIOLUS DR, FORT MYERS,FL,33908-4156,,1,26.50505558,-81.92533404,Florida,360.0,,,19.81,7131.599999999999,161.0
FLORIDA ONCOLOGY & HEMATOLOGY,15455 COLLIER BLVD, NAPLES,FL,34119,,1,26.258866629,-81.71760754,Florida,360.0,,,19.81,7131.599999999999,161.0
FLORIDA THERANOSTICS - INDEPENDENT  PRACTICE,431 UNIVERSITY BLVD, JUPITER,FL,33458,,1,26.922281819,-80.12095402,Florida,360.0,,,19.81,7131.599999999999,161.0
MOBILE THERAPY UNIT- FLORIDA THERANOSTICS,431 UNIVERSITY BLVD, JUPITER,FL,33458-3103,,1,26.922281819,-80.12095402,Florida,360.0,,,19.81,7131.599999999999,161.0
IMPRESSION IMAGING LLC,3111 N UNIVERSITY DR STE 115 FL 1, CORAL SPRINGS,FL,33065-5049,,1,26.271516539,-80.25539844,Florida,360.0,,,19.81,7131.599999999999,161.0
IMPRESSION IMAGING LLC - BOCA RATON,6853 SW 18TH ST SUITE M-101, BOCA RATON,FL,33433-7056,,1,26.34536601,-80.15590332,Florida,360.0,,,19.81,7131.599999999999,161.0
UNIVERSITY OF MIAMI SYLVESTER COMPREHENSIVE CANCER CENTER,1192 EAST NEWPORT CENTER DRIVE, DEERFIELD BEACH,FL,33442,,2,26.311818267,-80.14290232,Florida,360.0,,,19.81,14263.199999999999,323.0
BAPTIST HEALTH CANCER CARE,1228 S PINE ISLAND ROAD SUITE NO. SUITE 130, PLANTATION,FL,33324,,1,26.114942311,-80.27286174,Florida,360.0,,,19.81,7131.599999999999,161.0
UNIVERSITY OF MIAMI HOSPITAL AND CLINICS- SOLE MIA,BLDG UHEALTH - SOLE MIA STE 1060M FL 1 2111 SOLE MIA WAY, NORTH MIAMI,FL,33181-2492,,2,25.897716266,-80.15840391,Florida,360.0,,,19.81,14263.199999999999,323.0
BRAMAN COMPREHENSIVE CANCER CENTER- MOUNT SINAI MEDICAL CENTER,BARMAN COMPREHENSIVE CNCR CTR 4310 ALTON RD FL 2 NUC. MED. DEPT, MIAMI BEACH,FL,33140-2840,801413.0,2,25.821391865,-80.12521309,Florida,481.0,,,19.81,19057.219999999998,431.0
